HEBP1_GRM7,0
DCN_EGFR,0
DCN_ERBB4,0
GRN_TNFRSF1A,0
GRN_SORT1,0
GRN_TNFRSF1B,0
GRN_CLEC4M,0
GRN_EGFR,0
UTS2_UTS2R,0
ICAM3_CLEC4M,0
ICAM3_ITGB2,0
ICAM3_CD209,0
ICAM3_ITGAD,0
CEACAM1_CD209,0
CEACAM1_SELE,0
CEACAM1_EGFR,0
FGF4_FGFR2,0
FGF4_FGFR3,0
NTN1_UNC5D,0
NTN1_DCC,0
NTN1_UNC5A,0
NTN1_ADORA2B,0
NTN1_UNC5C,0
NTN1_NEO1,0
SCT_ADCYAP1R1,0
SCT_VIPR1,0
SCT_ADRB3,0
SCT_GPR84,0
FGF20_FGFR3,0
FGF20_FGFR2,0
DLL3_NOTCH2,0
DLL3_NOTCH3,0
VCL_ITGB5,0
EFNA2_EPHA7,0
EFNA2_EPHA10,0
EFNA2_EPHA3,0
EFNA2_EPHA6,0
EFNA2_EPHA4,0
EFNA2_EPHA2,0
MADCAM1_ITGA4,0
MADCAM1_ITGB7,0
TCN2_CNR1,0
LGALS1_PTPRC,0
NID2_COL13A1,0
RSPO4_LGR4,0
RSPO4_LGR5,0
OXT_AVPR1A,0
OXT_OXTR,0
TIMP1_FGFR2,0
MMP2_PECAM1,0
MMP2_SDC2,0
CCL17_CCR4,0
CCL17_CCR8,0
DKK4_LRP6,0
LHB_LHCGR,0
LHB_VIPR1,0
LHB_ADCYAP1R1,0
LHB_GPR84,0
LHB_ADRB3,0
AMH_EGFR,0
AMH_ACVR1,0
AMH_AMHR2,0
COMP_CD36,0
COMP_ITGB3,0
LAMB1_ITGA7,0
LAMB1_ITGA2,0
LAMB1_ITGA3,0
WNT16_FZD6,0
PDAP1_PDGFRB,0
C5_GRM7,0
C5_C5AR2,0
C5_C5AR1,0
WNT3_RYK,0
WNT3_ROR2,0
WNT3_FZD5,0
WNT3_LRP6,0
CCL2_CCR4,0
CCL2_CCR1,0
CCL2_CCR10,0
CCL2_CCR3,0
COL1A1_CD93,0
COL1A1_DDR2,0
COL1A1_ITGA11,0
COL1A1_ITGA2,0
COL1A1_CD36,0
COL1A1_DDR1,0
EFNB3_RHBDL2,0
EFNB3_EPHA4,0
EFNB3_EPHB2,0
EFNB3_EPHB6,0
VTN_ITGB5,0
VTN_ITGA8,0
VTN_CD47,0
VTN_KDR,0
VTN_ITGA2B,0
VTN_TNFRSF11B,0
VTN_ITGB8,0
VTN_ITGB6,0
VTN_ITGB3,0
VTN_ITGA3,0
CXCL6_CXCR2,0
CXCL6_GRM7,0
IL2_IL2RG,0
IL2_CD53,0
APOC3_LDLR,0
APOC3_SDC2,0
APOC3_LRP1,0
KITLG_KIT,0
CLEC2B_KLRF1,0
IL23A_IL12RB1,0
IL23A_IL12RB2,0
FGF6_FGFR2,0
FGF6_FGFR3,0
IL26_IL10RB,0
IL26_IL20RA,0
IFNG_IFNGR2,0
IFNG_IFNGR1,0
GNB3_GABBR2,0
ULBP1_KLRK1,0
LAMA4_ITGA3,0
HBEGF_CD82,0
HBEGF_ERBB2,0
HBEGF_EGFR,0
HBEGF_ERBB4,0
HBEGF_CD9,0
LTF_LRP1,0
TFPI_LRP1,0
TFPI_F3,0
WNT6_FZD4,0
ANGPTL1_TEK,0
TGFB3_ITGB6,0
TGFB3_ITGB3,0
TGFB3_TGFBR2,0
TGFB3_ITGB5,0
IFNA7_IFNAR2,0
IFNA7_IFNAR1,0
IAPP_RAMP1,0
IAPP_CALCR,0
IAPP_GPR84,0
IAPP_ADRB3,0
IAPP_ADCYAP1R1,0
IAPP_VIPR1,0
TNFSF10_TNFRSF11B,0
TNFSF10_TNFRSF10B,0
TNFSF10_TNFRSF10D,0
TNFSF10_RIPK1,0
EREG_ERBB3,0
EREG_ERBB4,0
EREG_EGFR,0
EREG_ERBB2,0
EFNB2_EPHB2,0
EFNB2_EPHA4,0
EFNB2_EPHA6,0
EFNB2_EPHA3,0
EFNB2_EPHB6,0
EFNB2_PECAM1,0
EFNB2_RHBDL2,0
EFNB2_GRM1,0
BMP4_BMPR1A,0
BMP4_LRP6,0
PSPN_GFRA3,0
PSPN_SDC3,0
PSPN_GFRA4,0
TNFSF9_TNFRSF9,0
C3_CD46,0
C3_ITGAX,0
C3_CR1,0
C3_ITGAM,0
C3_C5AR2,0
C3_LRP1,0
C3_GRM7,0
C3_ITGB2,0
VASP_CXCR2,0
DLL4_NOTCH3,0
DLL4_NOTCH2,0
TPH1_HTR7,0
TPH1_HTR1A,0
TPH1_HTR1D,0
TPH1_HTR2C,0
TPH1_HTR2B,0
TPH1_HTR4,0
TPH1_HTR6,0
APOE_SORL1,1
APOE_SCARB1,0
APOE_LRP4,0
APOE_LDLR,0
APOE_LRP8,0
APOE_LRP6,0
APOE_SDC2,0
APOE_LRP1,0
NCAN_SDC3,0
BST2_LILRA4,0
F12_CD93,0
F12_GP1BA,0
CRP_CR1,0
TSHB_VIPR1,0
TSHB_ADCYAP1R1,0
TSHB_GPR84,0
TSHB_ADRB3,0
DSC1_DSG3,0
LACRT_SDC1,0
GDF11_BMPR1A,0
GDF11_ACVR1B,0
GDF11_ACVR2B,0
IL1RN_IL1R1,0
IL36A_IL36RN,0
CCL21_GRM7,0
CCL21_CCR7,0
MMP7_CD151,0
MMP7_SDC1,0
MMP7_ERBB4,0
THBS1_ITGA4,0
THBS1_LRP1,0
THBS1_SDC1,0
THBS1_ITGB3,0
THBS1_CD36,0
THBS1_SCARB1,0
THBS1_ITGA2B,0
THBS1_TNFRSF11B,0
THBS1_CD47,0
THBS1_ITGA3,0
MSTN_ACVR2B,0
VWF_LRP1,0
VWF_ITGB3,0
VWF_GP1BA,0
VWF_ITGA2B,0
VWF_TNFRSF11B,0
VWF_SELP,0
VWF_SCARA5,0
VWF_STAB2,0
VWF_SIRPA,0
CDH1_KLRG1,0
CDH1_ITGAE,0
CDH1_PTPRM,0
CDH1_ERBB3,0
CDH1_ITGB7,0
CDH1_EGFR,0
TIMP2_ITGA3,0
IL1A_IL1R1,0
IL1B_IL1R1,0
IL1B_SIGIRR,0
IL7_IL7R,0
IL7_IL2RG,0
CKLF_CCR4,0
CKLF_LRP6,0
FARP2_PLXNA1,0
FARP2_PLXNA3,0
LAMC2_CD151,0
LAMC2_ITGA2,0
LAMC2_COL17A1,0
LAMC2_ITGA3,0
NID1_ITGA3,0
NID1_ITGB3,0
NID1_COL13A1,0
NMU_GRM7,0
NMU_NMUR1,0
NMU_NMUR2,0
FGF2_SDC3,0
FGF2_SDC2,0
FGF2_SDC1,0
FGF2_FGFR3,0
FGF2_FGFR2,0
FGF2_GPC4,0
FGF10_FGFR2,0
OLFM2_ROBO2,0
F13A1_ITGA9,0
F13A1_ITGA4,0
KNG1_ITGAM,0
KNG1_SDC2,0
KNG1_CD93,0
KNG1_GP1BA,0
KNG1_GRM7,0
KNG1_ITGB2,0
KNG1_BDKRB1,0
KNG1_RXFP4,0
EGF_FSHR,0
EGF_AXL,0
EGF_EGFR,0
EGF_ERBB4,0
EGF_ERBB2,0
EGF_RHBDL2,0
EGF_LDLR,0
EGF_ERBB3,0
WNT2_FZD4,0
WNT2_FZD2,0
WNT2_LRP6,0
WNT2_FZD5,0
WNT2_FZD3,0
WNT2_FZD9,0
NPTX2_NPTXR,0
GAL_GALR1,0
GAL_GALR3,0
GAL_GRM7,0
ADAM2_ITGB7,0
ADAM2_CD9,0
ADAM2_ITGA9,0
ADAM28_ITGA4,0
INHBE_ACVR2B,0
DHH_PTCH1,0
DHH_BOC,0
DHH_CDON,0
DHH_PTCH2,0
NPFF_NPFFR1,0
NPFF_NPFFR2,0
FGF7_FGFR2,0
FGF7_FGFR3,0
MFGE8_PDGFRB,0
MFGE8_ITGB3,0
CGN_F11R,0
CGN_TGFBR2,0
REN_ATP6AP2,0
GDF7_BMPR1A,0
CALM2_SELL,0
CALM2_EGFR,0
CALM2_GRM7,0
CALM2_TRPC5,0
CALM2_CACNA1C,0
CALM2_KCNQ3,0
CALM2_MYLK,0
CALM2_PDE1A,0
CALM2_PDE1C,0
CALM2_GP6,0
CALM2_AQP6,0
CALM2_SCN10A,0
CALM2_AQP1,0
CALM2_SCN4A,0
NXPH2_NRXN1,0
UCN2_IL10RB,0
UCN2_CRHR2,0
UCN2_CRHR1,0
SFRP2_FZD5,0
IL9_IL2RG,0
IL9_IL9R,0
FGF18_FGFR3,0
FGF18_FGFR2,0
LIN7C_HTR2C,0
LIN7C_KCNJ4,0
SERPING1_SELP,0
SERPING1_SELE,0
GPHA2_EPHA6,0
IL18_IL18R1,0
IL18_IL18BP,0
IL18_IL18RAP,0
PTH_LRP6,0
PTH_ADRB3,0
PTH_GPR84,0
PTH_ADCYAP1R1,0
PTH_VIPR1,0
BMP3_ACVR2B,0
BMP3_BMPR1A,0
WNT3A_LGR5,0
WNT3A_LRP1,0
WNT3A_LRP6,0
WNT3A_FZD6,0
WNT3A_FZD2,0
WNT3A_FZD5,0
WNT3A_RYK,0
WNT3A_ATP6AP2,0
WNT3A_FZD3,0
APP_FPR2,0
APP_RPSA,0
APP_TNFRSF21,0
APP_AGER,0
APP_PTGER2,0
APP_APLP2,0
APP_LRP6,0
APP_SORL1,0
APP_LRP1,0
APP_NOTCH2,0
APP_GRM7,0
APP_DCC,0
WNT7A_LDLR,0
WNT7A_LRP6,0
WNT7A_FZD5,0
WNT7A_FZD10,0
WNT7A_FZD9,0
DKK2_LRP6,0
WIF1_RYK,0
CXCL13_CXCR5,0
CXCL13_CCR10,0
CXCL13_GRM7,0
GDF6_BMPR1A,0
NODAL_ACVR1B,0
NODAL_ACVR2B,0
NODAL_SMAD3,0
NODAL_ACVR1C,0
SST_SSTR2,0
SST_SSTR3,0
SST_GRM7,0
CALM3_AR,0
CALM3_SCN4A,0
CALM3_AQP1,0
CALM3_AQP6,0
CALM3_GP6,0
CALM3_SCN10A,0
CALM3_PDE1C,0
CALM3_PDE1A,0
CALM3_KCNQ3,0
CALM3_MYLK,0
CALM3_CACNA1C,0
CALM3_TRPC5,0
CALM3_SELL,0
CALM3_GRM7,0
CALM3_EGFR,0
TFF1_FCRL4,0
S100A1_AGER,0
S100A1_TRPM3,0
S100A1_RYR1,0
S100A1_TLR4,0
SCGB3A1_NOTCH3,0
SCGB3A1_MARCO,0
HCRT_HCRTR1,0
HCRT_NPFFR2,0
SHANK1_SSTR2,0
WNT1_FZD9,0
WNT1_FZD3,0
WNT1_ROR2,0
WNT1_RYK,0
WNT1_FZD5,0
WNT1_LRP6,0
NTN3_NEO1,0
NTN3_CDON,0
FGF19_KLB,0
FGF19_FGFR2,0
FGF19_FGFR3,0
DRAXIN_DCC,0
ARPC5_LDLR,0
TGFA_ERBB3,0
TGFA_ERBB2,0
TGFA_EGFR,0
TGFA_ERBB4,0
COL6A3_ITGA2,0
CXCL3_CXCR2,0
CXCL3_GRM7,0
CXCL5_GRM7,0
CXCL5_CXCR2,0
PPBP_CXCR2,0
PPBP_GRM7,0
PF4_GRM7,0
PF4_FGFR2,0
PF4_LRP1,0
PF4_LDLR,0
PF4_THBD,0
PF4_SDC2,0
PF4_PROCR,0
UCN_CRHR2,0
UCN_CRHR1,0
LIPH_LPAR1,0
LIPH_LPAR2,0
CAMP_EGFR,0
CAMP_FPR2,0
IL15_IL15RA,0
IL15_IL2RG,0
SCGB3A2_MARCO,0
IL3_CSF2RB,0
IL3_IL3RA,0
COL1A2_ITGA2B,0
COL1A2_ITGA2,0
COL1A2_CD93,0
COL1A2_ITGA11,0
COL1A2_ITGB3,0
COL1A2_CD36,0
DEFB1_CCR6,0
ARF6_SMAP1,0
JAM3_ITGB2,0
HSP90B1_LRP1,0
HSP90B1_ERBB2,0
HSP90B1_TLR4,0
HSP90B1_ASGR1,0
HSP90B1_TLR9,0
COL6A2_ITGA2,0
ANGPTL4_GPIHBP1,0
ANGPTL4_TIE1,0
FADD_FAS,0
DEFB4A_TLR4,0
CD14_TLR4,0
CD14_TLR6,0
CD14_RIPK1,0
CD14_ITGB2,0
CD14_ITGA4,0
CD14_TLR9,0
COL3A1_DDR2,0
COL3A1_DDR1,0
COL3A1_ITGA2,0
NLGN2_MDGA1,0
NLGN2_NRXN1,0
NLGN2_NRXN2,0
BMP1_BMPR1A,0
FGB_ITGA2B,0
FGB_TLR4,0
FGB_ITGAM,0
FGB_ITGB3,0
FGB_ITGB2,0
FGA_ITGB2,0
FGA_ITGAD,0
FGA_ITGB3,0
FGA_ITGAM,0
FGA_TLR4,0
FGA_ITGA2B,0
FGA_ITGAX,0
FGA_CDH5,0
CXCL11_GRM7,0
CXCL11_CCR3,0
CXCL11_DPP4,0
PRND_RPSA,0
NPTX1_NPTXR,0
CCL19_CCR10,0
CCL19_GRM7,0
CCL19_CCR7,0
CCL19_CCRL2,0
PLG_F2R,0
PLG_FLT1,0
PLG_F2RL1,0
PLG_ITGA9,0
PLG_ITGB2,0
PLG_ITGAM,0
PLG_F3,0
CSHL1_GHR,0
LPL_GPIHBP1,0
LPL_LRP1,0
LPL_SDC1,0
EFEMP2_PLSCR4,0
EFEMP2_AQP1,0
VEGFB_FLT1,0
GH1_GHR,0
GNAI2_C5AR1,0
GNAI2_LHCGR,0
GNAI2_CNR1,0
GNAI2_CXCR2,0
GNAI2_EGFR,0
GNAI2_LPAR3,0
GNAI2_ADORA1,0
GNAI2_ADRA2B,0
GNAI2_FPR1,0
GNAI2_TBXA2R,0
GNAI2_EDNRB,0
GNAI2_ADCY7,0
GNAI2_F2R,0
GNAI2_ADCY9,0
GNAI2_S1PR4,0
GNAI2_S1PR1,0
GNAI2_CHRM1,0
TLN1_ITGB3,0
TLN1_ITGB5,0
TAC1_TACR1,0
TAC1_TACR2,0
LPA_LPAR3,0
LPA_LPAR2,0
LPA_LPAR1,0
LPA_ITGB2,0
LPA_ITGAM,0
MMP1_ITGA2,0
LAMA3_ITGA3,0
LAMA3_SDC2,0
SEMA6D_KDR,0
SEMA6D_PLXNA1,0
WNT11_MUSK,0
WNT11_KLRG2,0
PSEN1_NOTCH3,0
PSEN1_NOTCH2,0
BGN_LY96,0
BGN_TLR4,0
IZUMO1_CD9,0
JAG2_NOTCH2,0
JAG2_NOTCH3,0
NXPH3_NRXN2,0
NXPH3_NRXN1,0
CNTN2_CNTN1,0
CALCA_ADRB3,0
CALCA_GPR84,0
CALCA_ADCYAP1R1,0
CALCA_VIPR1,0
CALCA_CALCR,0
CALCA_RAMP1,0
CALCA_CALCRL,0
SLIT3_ROBO2,0
SLIT3_ROBO1,0
GH2_GHR,0
FGF3_FGFR2,0
FGF3_FGFR3,0
GHRL_TBXA2R,0
GHRL_PTGER3,0
GHRL_GHRHR,0
GHRL_PTGIR,0
FGG_ITGB3,0
FGG_TLR4,0
FGG_ITGA2B,0
FGG_ITGB2,0
CXCL14_CXCR4,0
EDN3_KEL,0
EDN3_EDNRB,0
RTN4_TNFRSF19,0
RTN4_RTN4RL1,0
NTN4_DCC,0
NTN4_UNC5A,0
WNT7B_FZD4,0
WNT7B_FZD10,0
WNT7B_TMED5,0
ICAM4_RHAG,0
ICAM4_ITGA4,0
ICAM4_ITGB2,0
ICAM4_ITGAM,0
ICAM4_ITGB3,0
ICAM4_ITGA2B,0
HMGB1_TLR9,0
HMGB1_CD163,0
HMGB1_AGER,0
HMGB1_CXCR4,0
HMGB1_SDC1,0
HMGB1_THBD,0
HMGB1_TLR4,0
COL18A1_ITGB5,0
COL18A1_ITGB3,0
COL18A1_KDR,0
COL18A1_ITGA3,0
COL18A1_GPC4,0
HP_CD22,0
HP_ASGR2,0
HP_CD163,0
HP_TLR4,0
HP_ITGAM,0
HP_ASGR1,0
HP_ITGB2,0
RSPO1_LGR4,0
RSPO1_LGR5,0
RSPO1_LRP6,0
RSPO1_ZNRF3,0
ADAM15_ITGB3,0
ADAM15_ITGA9,0
APOA4_LDLR,0
APOA4_LRP1,0
GAD1_GRM4,0
NLGN3_NRXN1,0
NLGN3_NRXN2,0
CCL20_CCR6,0
CCL20_GRM7,0
PYY_GRM7,0
PYY_DPP4,0
PYY_NPY5R,0
PYY_NPY1R,0
PYY_FAP,0
PYY_NPY2R,0
F8_ASGR2,0
F8_LDLR,0
F8_LRP1,0
COL4A2_ITGB5,0
COL4A2_ITGB3,0
COL4A2_CD93,0
CCL28_GRM7,0
CCL28_CCR10,0
CCL28_CCR3,0
CXCL9_DPP4,0
CXCL9_CCR3,0
CXCL9_GRM7,0
CXCL9_FCGR2A,0
CNTF_CNTFR,0
CNTF_EGFR,0
THBS2_NOTCH3,0
THBS2_ITGA4,0
THBS2_CD47,0
THBS2_ITGB3,0
THBS2_CD36,0
LEFTY2_ACVR2B,0
LEFTY2_ACVR1B,0
C4BPA_LRP1,0
C4BPA_CD40,0
VIP_AVPR1A,0
VIP_ADRB3,0
VIP_GPR84,0
VIP_VIPR1,0
VIP_ADCYAP1R1,0
VIP_RAMP1,0
VIP_DPP4,0
FASLG_FAS,0
FASLG_TNFRSF10B,0
FASLG_TNFRSF1A,0
APOA2_LDLR,0
APOA2_LRP1,0
SEMA4A_PLXNB2,0
EFNA1_EPHA7,0
EFNA1_EPHA10,0
EFNA1_EPHA3,0
EFNA1_EPHA4,0
EFNA1_EPHA6,0
EFNA1_EPHB6,0
EFNA1_EPHA2,0
ADAM12_ITGA9,0
S100A8_TLR4,0
S100A8_CD36,0
S100A8_ITGB2,0
S100A8_AGER,0
NGF_KIDINS220,0
NGF_NTRK1,0
NGF_TRPV1,0
NGF_SORCS3,0
NGF_SORT1,0
WNT2B_FZD4,0
COL11A1_ITGA2,0
COL11A1_DDR1,0
ITGB3BP_ITGB3,0
ITGB3BP_ITGB5,0
ANGPTL3_ITGB3,0
RBP4_STRA6,0
COL5A1_SDC3,0
SFTPD_TLR4,0
SFTPD_SIRPA,0
SFTPD_LY96,0
MMP9_TLR9,0
MMP9_IFNAR1,0
MMP9_ITGAM,0
MMP9_LRP1,0
MMP9_EPHB2,0
MMP9_ITGB2,0
EDN2_KEL,0
EDN2_EDNRB,0
ANGPTL2_TIE1,0
GHRH_GHRHR,0
GHRH_VIPR1,0
GHRH_ADCYAP1R1,0
GHRH_ADRB3,0
GHRH_GPR84,0
TNFSF15_TNFRSF25,0
GDF5_ROR2,0
GDF5_ACVR1,0
GDF5_BMPR1A,0
GDF5_ACVR2B,0
EDA_EDAR,0
EDA_EDA2R,0
F10_F3,0
F10_ITGAM,0
F10_ITGB2,0
SYK_LAT,0
SYK_FCGR2A,0
FGF14_FGFR2,0
FGF14_FGFR3,0
HLA-C_LILRA1,0
HLA-C_LILRB1,0
HLA-C_CD3G,0
HLA-C_KIR3DL1,0
ANXA1_EGFR,0
ANXA1_GRM7,0
ANXA1_FPR1,0
ANXA1_FPR2,0
ACTR2_LDLR,0
NDP_FZD4,0
NDP_LGR4,0
AGRN_LRP4,0
AGRN_LRP1,0
AGRN_ATP1A3,0
AGRN_MUSK,0
INSL3_ADRB3,0
INSL3_GPR84,0
INSL3_ADCYAP1R1,0
INSL3_VIPR1,0
AVP_LDLR,0
AVP_VIPR1,0
AVP_ADCYAP1R1,0
AVP_GPR84,0
AVP_ADRB3,0
AVP_OXTR,0
AVP_AVPR1A,0
COL2A1_ITGA10,0
COL2A1_DDR1,0
COL2A1_ITGA2B,0
COL2A1_ITGA2,0
RLN2_ADRB3,0
RLN2_GPR84,0
RLN2_ADCYAP1R1,0
RLN2_VIPR1,0
RLN2_RXFP3,0
RPH3A_NRXN1,0
LAMA1_RPSA,0
LAMA1_ITGA3,0
LAMA1_NT5E,0
LAMA1_ITGA2,0
LAMA1_ITGA7,0
LAMA1_ITGB8,0
LAMA1_SDC2,0
CCL25_CCR10,0
CCL25_GRM7,0
LAMB3_ITGA2,0
LAMB3_CD151,0
LAMB3_ITGA3,0
LAMB3_COL17A1,0
IL1F10_IL1R1,0
CCL8_CCR3,0
CCL8_CCR1,0
COL4A6_CD93,0
COL4A6_ITGA2,0
COL4A6_CD47,0
CCL26_CCR1,0
CCL26_CCR3,0
SPP1_ITGA4,0
SPP1_ITGB5,0
SPP1_ITGB3,0
SPP1_ITGA9,0
LGALS9_MRC2,0
LGALS9_HAVCR2,0
LGALS9_SLC1A5,0
LGALS9_CD47,0
ADM2_GPR84,0
ADM2_ADRB3,0
ADM2_VIPR1,0
ADM2_ADCYAP1R1,0
ADM2_CALCR,0
ADM2_RAMP1,0
ADM2_CALCRL,0
CXCL12_CD4,0
CXCL12_DPP4,0
CXCL12_CCR4,0
CXCL12_GRM7,0
CXCL12_CXCR4,0
CXCL12_AVPR1A,0
BMP7_ACVR1,0
BMP7_ACVR2B,0
BMP7_BMPR1A,0
COL4A3_ITGA3,0
COL4A3_CD47,0
COL4A3_ITGB3,0
COL4A3_CD93,0
COL4A3_ITGA2,0
COL4A4_ITGA2,0
COL4A4_CD93,0
COL4A4_ITGB3,0
COL4A4_CD47,0
HLA-A_ERBB2,0
HLA-A_KIR3DL1,0
HLA-A_CD3G,0
HLA-A_LILRA1,0
HLA-A_APLP2,0
HLA-A_LILRB1,0
HLA-A_KIR3DL2,0
CNTN4_PTPRG,0
TCTN1_TMEM67,0
PDCD1LG2_PDCD1,0
TNFSF11_LGR4,0
TNFSF11_TNFRSF11B,0
TNFSF11_TNFRSF11A,0
DSCAM_DCC,0
FBLN2_ITGB3,0
NXPH1_NRXN1,0
NXPH1_NRXN2,0
SAA1_FPR2,0
SAA1_FPR1,0
SAA1_GRM7,0
SAA1_SCARB1,0
MDK_SORL1,0
MDK_SDC3,0
MDK_SDC1,0
MDK_LRP1,0
MDK_ITGA4,0
TF_TFR2,0
TF_HFE,0
TF_LDLR,0
ARTN_GFRA3,0
PTPN6_CD300LF,0
PTPN6_FCRL4,0
CLEC2A_KLRF2,0
NTF3_NTRK1,0
NTF3_NTRK2,0
RLN3_RXFP3,0
RLN3_RXFP4,0
RLN3_GRM7,0
RLN3_VIPR1,0
RLN3_ADCYAP1R1,0
RLN3_GPR84,0
RLN3_ADRB3,0
TNF_TNFRSF1B,0
TNF_TNFRSF1A,0
TNF_RIPK1,0
TNF_TNFRSF21,0
TNF_FAS,0
TNF_PTPRS,0
TNF_FFAR2,0
TNF_ICOS,0
LAMA2_ITGA7,0
LAMA2_ITGA2,0
LAMA2_ITGA3,0
LAMA2_RPSA,0
HRAS_SDC2,0
HRAS_GRIN2D,0
HRAS_TLR9,0
GDNF_EDNRB,0
GDNF_GFRA3,0
HLA-G_KIR3DL1,0
HLA-G_CD4,0
HLA-G_LILRB1,0
FSHB_ADCYAP1R1,0
FSHB_VIPR1,0
FSHB_ADRB3,0
FSHB_GPR84,0
FSHB_FSHR,0
ADM_CALCRL,0
ADM_RAMP1,0
ADM_CALCR,0
ADM_ADCYAP1R1,0
ADM_VIPR1,0
ADM_GPR84,0
ADM_ADRB3,0
PTHLH_ADRB3,0
PTHLH_GPR84,0
PTHLH_VIPR1,0
PTHLH_ADCYAP1R1,0
ADCYAP1_ADCYAP1R1,0
ADCYAP1_VIPR1,0
ADCYAP1_GPR84,0
ADCYAP1_ADRB3,0
ADCYAP1_DPP4,0
CGA_LHCGR,0
CGA_ADRB3,0
CGA_GPR84,0
CGA_VIPR1,0
CGA_ADCYAP1R1,0
CGA_FSHR,0
S100A10_CFTR,0
SHANK2_CFTR,0
S100A4_ERBB2,0
S100A4_EGFR,0
TNFSF13B_CD40,0
TNFSF13B_TNFRSF13B,0
LTA_LTBR,0
LTA_RIPK1,0
LTA_TNFRSF1A,0
LTA_TNFRSF1B,0
NTF4_NTRK1,0
NTF4_NTRK2,0
FAM3C_GLRA2,0
C1QB_C1QBP,0
C1QB_LRP1,0
GNRH2_GNRHR,0
IL22_IL10RA,0
IL22_IL22RA2,0
IL22_IL21R,0
IL22_IL10RB,0
IL10_IL10RB,0
IL10_IL10RA,0
CLEC2D_KLRB1,0
PDYN_GRM7,0
PODXL2_SELL,0
CD34_SELL,0
CD34_SELP,0
MUC7_SELL,0
PODXL_SELL,0
MICA_KLRK1,0
RAET1L_KLRK1,0
ULBP2_KLRK1,0
RAET1G_KLRK1,0
CD55_CR1,0
GPC3_LRP1,0
A2M_LRP1,0
SERPINA1_LRP1,0
SERPINE2_LRP1,0
MMP13_LRP1,0
HPX_LRP1,0
LIPC_LRP1,0
PSAP_LRP1,0
PSAP_SORT1,0
PSAP_GPR37,0
PSAP_CD1B,0
PSAP_AR,0
ASIP_MC4R,0
ASIP_MC5R,0
ASIP_MC2R,0
ASIP_F11R,0
ASIP_MC1R,0
ASIP_ATRN,0
ASIP_MC3R,0
SFTPA2_CD93,0
MBL2_CD93,0
MBL2_CALCR,0
C1QA_CR1,0
C1QA_CD93,0
C1QA_CSPG4,0
IGFL1_IGFLR1,0
IGFL3_IGFLR1,0
GSTP1_EGFR,0
GALP_GALR3,0
GALP_GALR1,0
NTNG2_LRRC4,0
NTNG2_LRRC4C,0
GUCA2B_GUCY2D,0
NMS_NMUR2,0
NMS_NMUR1,0
NMS_GRM7,0
VEGFC_FLT1,0
VEGFC_CCBE1,0
VEGFC_ITGA9,0
VEGFC_KDR,0
DSC3_DSG3,0
PDGFA_PDGFRA,0
PDGFA_PDGFRB,0
FGF21_FGFR3,0
FGF21_FGFR2,0
FGF21_KLB,0
NMB_GRPR,0
NMB_BRS3,0
B2M_HLA-F,0
B2M_CD1B,0
B2M_LILRB1,0
B2M_CD247,0
B2M_HFE,0
B2M_KIR3DL1,0
B2M_KLRC2,0
B2M_CD3G,0
EDIL3_ITGB5,0
CP_SLC40A1,0
SOSTDC1_LRP6,0
DKK1_LRP6,0
HSPA1A_GRIN2D,0
HSPA1A_TLR4,0
IL27_IL27RA,0
PROS1_AXL,0
PROS1_TYRO3,0
INS_LILRB1,0
GREM1_KDR,0
NRG1_ERBB3,0
NRG1_LGR4,0
NRG1_ERBB2,0
NRG1_EGFR,0
NRG1_ERBB4,0
SLIT2_SDC1,0
SLIT2_DCC,0
SLIT2_ROBO4,0
SLIT2_ROBO1,0
SLIT2_ROBO2,0
NPPA_NPR1,0
PGF_FLT1,0
NCAM1_ROBO1,0
NCAM1_CACNA1C,0
NCAM1_FGFR2,0
NRG3_ERBB3,0
NRG3_ERBB4,0
NRG3_ERBB2,0
AREG_EGFR,0
AREG_ERBB3,0
NRG2_ERBB3,0
NRG2_ERBB4,0
NRG2_ERBB2,0
SEMA4D_ERBB2,0
SEMA4D_PLXNB2,0
IFNA14_IFNAR2,0
IFNA14_IFNAR1,0
IFNA10_IFNAR2,0
IFNA10_IFNAR1,0
IFNA8_IFNAR1,0
IFNA8_IFNAR2,0
IFNE_IFNAR2,0
IFNE_IFNAR1,0
IFNA21_IFNAR1,0
IFNA21_IFNAR2,0
IL24_IL20RA,0
IL24_IL10RB,0
PTPN11_FCRL4,0
EFEMP1_EGFR,0
FGL1_EGFR,0
ANG_EGFR,0
CXCL2_DPP4,0
CXCL2_CXCR2,0
CXCL2_GRM7,0
CXCL2_XCR1,0
CXCL1_GRM7,0
CXCL1_CXCR2,0
PPY_GRM7,0
PPY_NPY2R,0
PPY_NPY5R,0
PPY_NPY1R,0
IL25_IL17RB,0
IFNL3_IL10RB,0
CCL3_CCR4,0
CCL3_CCR1,0
CCL3_CCR3,0
FGF12_FGFR2,0
FGF12_FGFR3,0
CGB5_LHCGR,0
CCL15_CCR1,0
CCL15_CCR3,0
CCL23_CCR1,0
CCL18_CCR8,0
CCL18_CCR1,0
CCL18_CCR3,0
LTBP3_ITGB5,0
MST1_MST1R,0
CHAD_ITGA2,0
NUCB2_ERAP1,0
FAT4_DCHS1,0
CD86_CD28,0
ACE2_SLC6A19,0
TSLP_IL7R,0
CER1_MRC2,0
CD200_CD200R1,0
C4B_CR1,0
C4B_CD46,0
IL19_IL20RA,0
EDN1_EDNRB,0
EDN1_KEL,0
SEMA4B_DCBLD2,0
PTMA_VIPR1,0
TNFSF18_TNFRSF18,0
OBP2A_OR1G1,0
F7_F3,0
RGMA_NEO1,0
RGMA_HFE,0
RGMA_TFR2,0
WNT5B_KLRG2,0
CD5L_CD5,0
GSTO1_RYR1,0
ANGPT4_TIE1,0
ANGPT4_TEK,0
IRAK4_TLR6,0
IRAK4_TLR4,0
COLQ_MUSK,0
QRFP_QRFPR,0
GDF10_ACVR1B,0
NID2_ITGB3,0
NID2_ITGA2,0
LAMB1_LRP1,0
LAMB1_ITGB3,0
C5_ITGA4,0
C5_LRP1,0
C5_ITGB3,0
C5_LDLR,0
C5_CALCR,0
C5_TLR4,0
C5_ASGR2,0
COL1A1_ITGB5,0
COL1A1_ITGB3,0
COL1A1_ITGB8,0
COL1A1_CD47,0
COL1A1_ITGA2B,0
COL1A1_SDC3,0
COL1A1_BCAM,0
COL1A1_GPC4,0
COL1A1_ITGA3,0
COL1A1_ITGA10,0
LAMA4_LRP1,0
LAMA4_ITGB3,0
LAMA4_ITGA2,0
C3_ITGB3,0
C3_TLR4,0
NCAN_ITGB3,0
NCAN_ITGA2,0
NCAN_CD93,0
DSC1_LRP1,0
THBS1_ITGA2,0
VWF_EGFR,0
VWF_ITGA4,0
VWF_SDC2,0
VWF_ITGB6,0
VWF_ITGA8,0
VWF_CD46,0
VWF_ROBO1,0
VWF_ITGA9,0
VWF_ROBO4,0
CDH1_LRP1,0
CDH1_ITGB3,0
FARP2_ITGB3,0
LAMC2_ITGB3,0
NID1_ITGA2,0
F13A1_LRP1,0
F13A1_ITGB3,0
EGF_LRP1,0
EGF_ITGB3,0
EGF_ITGA2,0
SEMA3D_EGFR,0
APP_EGFR,0
SHANK1_ITGB3,0
SHANK1_ITGA2,0
SHANK1_CD93,0
SHANK1_CD47,0
SHANK1_ITGA3,0
COL6A3_ITGA4,0
COL6A3_LRP1,0
COL6A3_ITGA3,0
COL1A2_ITGB5,0
COL1A2_ITGB8,0
COL1A2_DDR2,0
COL1A2_DDR1,0
COL1A2_CD47,0
COL1A2_GPC4,0
COL1A2_ITGA3,0
COL1A2_ITGA10,0
HSP90B1_EGFR,0
HSP90B1_ITGA4,0
HSP90B1_LRP6,0
HSP90B1_LDLR,0
HSP90B1_PTPRD,0
COL6A2_ITGB3,0
COL6A2_CD93,0
COL6A2_CD47,0
SEMA3E_ITGB3,0
COL3A1_ITGB5,0
COL3A1_ITGB3,0
COL3A1_ITGB8,0
COL3A1_CD36,0
COL3A1_CD93,0
COL3A1_ITGA11,0
COL3A1_CD47,0
COL3A1_ITGA2B,0
COL3A1_GPC4,0
COL3A1_ITGA3,0
COL3A1_ITGA10,0
NLGN2_ITGB3,0
BMP1_ITGB3,0
BMP1_ITGA2,0
FGA_LRP1,0
FGA_ITGA2,0
FGA_CD93,0
TLN1_EGFR,0
TLN1_ITGB2,0
TLN1_DCC,0
TLN1_ERBB2,0
TLN1_ITGA4,0
TLN1_ITGB7,0
TLN1_LRP1,0
TLN1_SDC2,0
TLN1_ASGR1,0
TLN1_LRP6,0
TLN1_C5AR2,0
TLN1_C5AR1,0
TLN1_LDLR,0
TLN1_SELL,0
TLN1_SELP,0
TLN1_CALCR,0
TLN1_TLR6,0
TLN1_TLR4,0
TLN1_LRP8,0
TLN1_CD46,0
TLN1_CR1,0
TLN1_PTPRD,0
TLN1_ITGA9,0
TLN1_ASGR2,0
LPA_EGFR,0
LPA_ITGB5,0
LPA_ITGA4,0
LPA_COL13A1,0
LPA_LRP1,0
LPA_SDC2,0
LPA_TPO,0
LPA_ITGB3,0
LPA_ITGB6,0
LPA_ITGB8,0
LPA_CD36,0
LPA_SDC1,0
LPA_ITGA7,0
LPA_ITGA2,0
LPA_CD93,0
LPA_DDR2,0
LPA_ITGA11,0
LPA_DDR1,0
LPA_ITGA8,0
LPA_CD47,0
LPA_ITGA2B,0
LPA_TNFRSF11B,0
LPA_SELP,0
LPA_LRP8,0
LPA_BCAM,0
LPA_SCARA5,0
LPA_STAB2,0
LPA_RPSA,0
LPA_PTPRS,0
LPA_ATP1A3,0
LPA_ITGA3,0
LPA_NT5E,0
LPA_ITGA9,0
LPA_DCHS1,0
LPA_ROBO4,0
LPA_ITGA10,0
LAMA3_LRP1,0
LAMA3_ITGB3,0
LAMA3_ITGB6,0
LAMA3_ITGA2,0
LAMA3_TNFRSF11B,0
LAMA3_NT5E,0
LAMA3_ROBO4,0
SEMA6D_LRP1,0
SEMA6D_ITGB3,0
SEMA6D_ITGA2,0
JAG2_ITGB3,0
JAG2_ITGA2,0
CNTN2_ITGB3,0
CNTN2_ITGA2,0
COL9A3_ITGB5,0
COL9A3_ITGB3,0
COL9A3_ITGB8,0
COL9A3_CD36,0
COL9A3_ITGA2,0
COL9A3_CD93,0
COL9A3_DDR2,0
COL9A3_ITGA11,0
COL9A3_DDR1,0
COL9A3_CD47,0
COL9A3_ITGA2B,0
COL9A3_SDC3,0
COL9A3_GPC4,0
COL9A3_ITGA3,0
COL9A3_ITGA10,0
COL18A1_COL13A1,0
COL18A1_ITGB8,0
COL18A1_CD36,0
COL18A1_ITGA2,0
COL18A1_CD93,0
COL18A1_DDR2,0
COL18A1_ITGA11,0
COL18A1_DDR1,0
COL18A1_CD47,0
COL18A1_ITGA2B,0
COL18A1_SDC3,0
COL18A1_BCAM,0
COL18A1_SSTR2,0
COL18A1_PTPRS,0
COL18A1_ITGA10,0
NLGN3_ITGB3,0
F8_EGFR,0
F8_ITGA4,0
F8_ITGA2,0
F8_C5AR1,0
F8_SELP,0
F8_TLR6,0
F8_TLR4,0
F8_LRP8,0
COL4A2_ITGB8,0
COL4A2_CD36,0
COL4A2_ITGA2,0
COL4A2_DDR2,0
COL4A2_ITGA11,0
COL4A2_DDR1,0
COL4A2_CD47,0
COL4A2_ITGA2B,0
COL4A2_GPC4,0
COL4A2_ITGA3,0
COL4A2_ITGA10,0
THBS2_LRP1,0
THBS2_ITGA2,0
ADAM12_ITGB3,0
COL11A1_ITGB5,0
COL11A1_COL13A1,0
COL11A1_ITGB3,0
COL11A1_ITGB8,0
COL11A1_CD36,0
COL11A1_CD93,0
COL11A1_DDR2,0
COL11A1_ITGA11,0
COL11A1_CD47,0
COL11A1_ITGA2B,0
COL11A1_SDC3,0
COL11A1_BCAM,0
COL11A1_GPC4,0
COL11A1_ITGA3,0
COL11A1_ITGA10,0
COL5A1_ITGB5,0
COL5A1_COL13A1,0
COL5A1_ITGB3,0
COL5A1_ITGB8,0
COL5A1_CD36,0
COL5A1_ITGA2,0
COL5A1_CD93,0
COL5A1_DDR2,0
COL5A1_ITGA11,0
COL5A1_DDR1,0
COL5A1_CD47,0
COL5A1_ITGA2B,0
COL5A1_BCAM,0
COL5A1_GPC4,0
COL5A1_ITGA3,0
COL5A1_ITGA10,0
SPTAN1_LRP1,0
SPTAN1_LDLR,0
SPTAN1_TLR6,0
SPTAN1_TLR4,0
SPTAN1_LRP8,0
AGRN_ITGB3,0
AGRN_ITGA2,0
COL2A1_ITGB5,0
COL2A1_ITGB3,0
COL2A1_ITGB8,0
COL2A1_CD36,0
COL2A1_CD93,0
COL2A1_DDR2,0
COL2A1_ITGA11,0
COL2A1_CD47,0
COL2A1_GPC4,0
COL2A1_ITGA3,0
LAMA1_EGFR,0
LAMA1_ITGA4,0
LAMA1_LRP1,0
LAMA1_ITGB3,0
LAMA1_ITGB6,0
LAMA1_ITGA8,0
LAMA1_TNFRSF11B,0
LAMA1_LRP8,0
LAMA1_SCARA5,0
LAMA1_STAB2,0
LAMA1_ROBO1,0
LAMA1_ITGA9,0
LAMA1_ROBO4,0
LAMB3_ITGB3,0
COL4A6_ITGB5,0
COL4A6_ITGB3,0
COL4A6_ITGB8,0
COL4A6_CD36,0
COL4A6_DDR2,0
COL4A6_ITGA11,0
COL4A6_DDR1,0
COL4A6_ITGA2B,0
COL4A6_GPC4,0
COL4A6_ITGA3,0
COL4A6_ITGA10,0
COL4A3_ITGB5,0
COL4A3_ITGB8,0
COL4A3_CD36,0
COL4A3_DDR2,0
COL4A3_ITGA11,0
COL4A3_DDR1,0
COL4A3_ITGA2B,0
COL4A3_GPC4,0
COL4A3_ITGA10,0
COL4A4_ITGB8,0
COL4A4_CD36,0
COL4A4_DDR2,0
COL4A4_ITGA11,0
COL4A4_DDR1,0
COL4A4_ITGA2B,0
COL4A4_ITGA3,0
COL4A4_ITGA10,0
CNTN4_LRP1,0
CNTN4_ITGB3,0
CNTN4_ITGA2,0
DSCAM_ITGA4,0
DSCAM_LRP1,0
DSCAM_ITGB3,0
DSCAM_ITGA2,0
LAMA2_LRP1,0
LAMA2_ITGB3,0
LAMA2_ITGB6,0
SHANK2_ITGB3,0
SHANK2_ITGA2,0
SHANK2_SSTR2,0
CPAMD8_LRP1,0
CPAMD8_ITGB3,0
CPAMD8_ITGA2,0
CPAMD8_NRXN2,0
A2M_ITGA4,0
A2M_ITGB3,0
A2M_NRXN2,0
A2M_ASGR2,0
DSC3_LRP1,0
DSC3_ITGB3,0
CP_LRP1,0
CP_ITGB3,0
CUBN_ITGA2,0
NRG2_ITGB3,0
LTBP3_ITGB3,0
LTBP3_ITGA2,0
LTBP3_CD93,0
ACE2_EGFR,0
C4B_LRP1,0
C4B_ITGB3,0
C4B_ITGA2,0
COLQ_CD93,0
SPTBN2_LRP1,0
DSPP_EGFR,0
DSPP_ITGA4,0
DSPP_ITGA2,0
DSPP_LDLR,0
DSPP_SELL,0
DSPP_SELP,0
DSPP_TLR6,0
DSPP_LRP8,0
DSPP_PTPRD,0
VIM_GRM7,0
