"","ligand","receptor"
"1","ICOSLG","ICOS"
"2","ICOSLG","CD28"
"3","CD80","CD28"
"4","CD86","CD28"
"5","CD70","CD27"
"6","TNFSF14","TNFRSF14"
"7","CD40LG","CD40"
"8","TNFSF9","TNFRSF9"
"9","TNFSF4","TNFRSF4"
"10","TNFSF15","TNFRSF25"
"11","TNFSF18","TNFRSF18"
"12","TNFSF8","TNFRSF8"
"13","SLAMF1","SLAMF1"
"14","CD48","CD2"
"15","CD58","CD2"
"16","PVR","CD226"
"17","NECTIN2","CD226"
"18","CD86","CTLA4"
"19","CD80","CTLA4"
"20","PDCD1LG2","PDCD1"
"21","CD274","PDCD1"
"22","CD274","CD80"
"23","TNFRSF14","CD160"
"24","TNFRSF14","BTLA"
"25","LGALS9","HAVCR2"
"26","CD48","CD244"
"27","PVR","TIGIT"
"28","NECTIN2","TIGIT"
"29","NECTIN3","TIGIT"
"30","ICOSLG","CTLA4"
"31","CADM1","CRTAM"
"32","TIMD4","HAVCR1"
"33","HAVCR1","HAVCR1"
"34","SLAMF6","SLAMF6"
"35","CD84","CD84"
"36","LY9","LY9"
"37","SLAMF7","SLAMF7"
"38","LTA","TNFRSF1A"
"39","TNF","TNFRSF1B"
"40","TNFSF14","LTBR"
"41","FASLG","FAS"
"42","TNFSF10","TNFRSF10A"
"43","TNFSF10","TNFRSF10B"
"44","TNFSF10","TNFRSF10C"
"45","TNFSF10","TNFRSF10D"
"46","HLA-DPA1","LAG3"
"47","HLA-DPB1","LAG3"
"48","HLA-DQA1","LAG3"
"49","HLA-DQA2","LAG3"
"50","HLA-DQB1","LAG3"
"51","HLA-DQB2","LAG3"
"52","HLA-DRA","LAG3"
"53","HLA-DRB1","LAG3"
"54","HLA-DRB3","LAG3"
"55","HLA-DRB4","LAG3"
"56","HLA-DRB5","LAG3"
"57","NECTIN1","CD96"
"58","PVR","CD96"
"59","HMGB1","HAVCR2"
"60","CEACAM1","HAVCR2"
"61","HHLA2","TMIGD2"
"62","PDCD1LG2","RGMB"
"63","CLEC4G","LAG3"
"64","FGL1","LAG3"
"65","A2M","LRP1"
"66","AANAT","MTNR1A"
"67","AANAT","MTNR1B"
"68","ACE","AGTR2"
"69","ACE","BDKRB2"
"70","ADAM10","AXL"
"71","ADAM10","EPHA3"
"72","ADAM12","ITGA9"
"73","ADAM12","ITGB1"
"74","ADAM12","SDC4"
"75","ADAM15","ITGA5"
"76","ADAM15","ITGA9"
"77","ADAM15","ITGAV"
"78","ADAM15","ITGB1"
"79","ADAM15","ITGB3"
"80","ADAM17","ERBB4"
"81","ADAM17","ITGA5"
"82","ADAM17","ITGB1"
"83","ADAM17","NOTCH1"
"84","ADAM23","ITGA5"
"85","ADAM23","ITGB3"
"86","ADAM28","ITGA4"
"87","ADAM2","CD9"
"88","ADAM2","ITGA6"
"89","ADAM2","ITGA9"
"90","ADAM2","ITGB1"
"91","ADAM2","ITGB7"
"92","ADAM9","ITGA3"
"93","ADAM9","ITGA6"
"94","ADAM9","ITGAV"
"95","ADAM9","ITGB1"
"96","ADAM9","ITGB5"
"97","ADCYAP1","ADCYAP1R1"
"98","ADCYAP1","SCTR"
"99","ADCYAP1","VIPR1"
"100","ADCYAP1","VIPR2"
"101","ADIPOQ","ADIPOR1"
"102","ADIPOQ","ADIPOR2"
"103","ADM2","CALCR"
"104","ADM2","CALCRL"
"105","ADM2","RAMP1"
"106","ADM","CALCR"
"107","ADM","CALCRL"
"108","ADM","GPR182"
"109","ADM","MRGPRX2"
"110","ADM","RAMP2"
"111","AGRN","ATP1A3"
"112","AGRN","LRP4"
"113","AGRN","MUSK"
"114","AGRP","MC3R"
"115","AGRP","MC4R"
"116","AGRP","MC5R"
"117","AGRP","SDC3"
"118","AGT","AGTR1"
"119","AGT","AGTR2"
"120","AGT","LRP2"
"121","AGT","MAS1"
"122","AHSG","INSR"
"123","ALB","LRP2"
"124","AMELX","LAMP1"
"125","AMELY","LAMP1"
"126","AMH","ACVR1"
"127","AMH","AMHR2"
"128","AMH","EGFR"
"129","ANGPT1","ITGA5"
"130","ANGPT1","TEK"
"131","ANGPT1","TIE1"
"132","ANGPT2","TEK"
"133","ANGPT4","TEK"
"134","ANGPTL1","TEK"
"135","ANGPTL3","ITGA5"
"136","ANGPTL3","ITGAV"
"137","ANGPTL3","ITGB3"
"138","ANXA1","DYSF"
"139","ANXA1","EGFR"
"140","ANXA1","FPR1"
"141","ANXA1","FPR2"
"142","ANXA1","FPR3"
"143","APLN","APLNR"
"144","APOB","LDLR"
"145","APOB","LRP2"
"146","APOB","LSR"
"147","APOB","OLR1"
"148","APOD","LEPR"
"149","APOE","LDLR"
"150","APOE","LRP1"
"151","APOE","LRP2"
"152","APOE","LRP5"
"153","APOE","LRP8"
"154","APOE","SCARB1"
"155","APOE","SORL1"
"156","APOE","VLDLR"
"157","APP","CAV1"
"158","APP","CD74"
"159","APP","FPR2"
"160","APP","GPC1"
"161","APP","LRP1"
"162","APP","NCSTN"
"163","APP","TNFRSF21"
"164","AREGB","EGFR"
"165","AREG","EGFR"
"166","AREG","ERBB3"
"167","ARF1","CHRM3"
"168","ARF1","INSR"
"169","ARF1","PLD2"
"170","ARTN","GFRA1"
"171","ARTN","GFRA3"
"172","ARTN","RET"
"173","ASIP","ATRN"
"174","ASIP","F11R"
"175","ASIP","MC1R"
"176","ASIP","MC2R"
"177","ASIP","MC3R"
"178","ASIP","MC4R"
"179","ASIP","MC5R"
"180","AVP","AVPR1A"
"181","AVP","AVPR1B"
"182","AVP","AVPR2"
"183","AVP","OXTR"
"184","AZGP1","ITGAV"
"185","B2M","CD1A"
"186","B2M","CD1B"
"187","B2M","HFE"
"188","B2M","HLA-F"
"189","B2M","LILRB1"
"190","BDNF","NGFR"
"191","BDNF","NGFRAP1"
"192","BDNF","NTRK2"
"193","BDNF","SORT1"
"194","BGN","TLR2"
"195","BGN","TLR4"
"196","BMP10","ACVR2A"
"197","BMP10","ACVRL1"
"198","BMP10","BMPR1A"
"199","BMP10","BMPR1B"
"200","BMP10","BMPR2"
"201","BMP10","ENG"
"202","BMP15","ACVR2A"
"203","BMP15","BMPR1A"
"204","BMP15","BMPR1B"
"205","BMP15","BMPR2"
"206","BMP2","ACVR1"
"207","BMP2","ACVR2A"
"208","BMP2","ACVR2B"
"209","BMP2","BMPR1A"
"210","BMP2","BMPR1B"
"211","BMP2","BMPR2"
"212","BMP2","ENG"
"213","BMP2","HFE2"
"214","BMP3","ACVR2B"
"215","BMP4","BMPR1A"
"216","BMP4","BMPR1B"
"217","BMP4","BMPR2"
"218","BMP5","BMPR1A"
"219","BMP6","ACVR1"
"220","BMP6","ACVR2A"
"221","BMP6","BMPR1A"
"222","BMP6","BMPR1B"
"223","BMP6","BMPR2"
"224","BMP7","ACVR1"
"225","BMP7","ACVR2A"
"226","BMP7","ACVR2B"
"227","BMP7","BMPR1A"
"228","BMP7","BMPR1B"
"229","BMP7","BMPR2"
"230","BMP7","ENG"
"231","BST1","CAV1"
"232","BTC","EGFR"
"233","BTC","ERBB2"
"234","BTC","ERBB3"
"235","BTC","ERBB4"
"236","BTLA","CD79A"
"237","BTLA","VTCN1"
"238","C1QA","CD93"
"239","C1QA","CR1"
"240","C1QA","CSPG4"
"241","C1QB","LRP1"
"242","C1QTNF1","AVPR2"
"243","C1QTNF5","MFRP"
"244","C3","C3AR1"
"245","C3","C5AR2"
"246","C3","CD19"
"247","C3","CD46"
"248","C3","CR1"
"249","C3","ITGAM"
"250","C3","ITGAX"
"251","C3","ITGB2"
"252","C3","LRP1"
"253","C4A","C3AR1"
"254","C4A","C5AR2"
"255","C4A","CR1"
"256","C4BPA","BMPR2"
"257","C4BPA","CD40"
"258","C4BPA","LRP1"
"259","C4B","CD46"
"260","C4B","CR1"
"261","C5","C5AR1"
"262","C5","C5AR2"
"263","C5orf55","TRAF2"
"264","CALCA","CALCR"
"265","CALCA","CALCRL"
"266","CALCA","RAMP1"
"267","CALCA","RAMP2"
"268","CALCB","CALCR"
"269","CALCB","CALCRL"
"270","CALCB","RAMP1"
"271","CALR","ITGA2B"
"272","CALR","ITGA3"
"273","CALR","ITGAV"
"274","CALR","LRP1"
"275","CALR","MTNR1A"
"276","CALR","SCARF1"
"277","CALR","TSHR"
"278","CAMP","FPR2"
"279","CCK","CCKAR"
"280","CCK","CCKBR"
"281","CCL11","ACKR2"
"282","CCL11","ACKR4"
"283","CCL11","CCR2"
"284","CCL11","CCR3"
"285","CCL11","CCR5"
"286","CCL11","CXCR3"
"287","CCL13","ACKR2"
"288","CCL13","ACKR4"
"289","CCL13","CCR1"
"290","CCL13","CCR2"
"291","CCL13","CCR3"
"292","CCL13","CCR5"
"293","CCL13","CXCR3"
"294","CCL14","ACKR2"
"295","CCL14","CCR1"
"296","CCL14","CCR3"
"297","CCL14","CCR5"
"298","CCL15","CCR1"
"299","CCL15","CCR3"
"300","CCL16","CCR1"
"301","CCL16","CCR2"
"302","CCL16","CCR5"
"303","CCL16","CCR8"
"304","CCL16","HRH4"
"305","CCL17","CCR4"
"306","CCL17","CCR8"
"307","CCL17","DARC"
"308","CCL18","C14orf1"
"309","CCL19","ACKR2"
"310","CCL19","ACKR4"
"311","CCL19","CCR10"
"312","CCL19","CCR7"
"313","CCL19","CCRL2"
"314","CCL19","CXCR3"
"315","CCL1","CCR8"
"316","CCL20","CCR6"
"317","CCL20","CXCR3"
"318","CCL21","ACKR2"
"319","CCL21","ACKR4"
"320","CCL21","CCR7"
"321","CCL21","CXCR3"
"322","CCL22","CCR4"
"323","CCL23","CCR1"
"324","CCL24","CCR2"
"325","CCL24","CCR3"
"326","CCL25","ACKR2"
"327","CCL25","ACKR4"
"328","CCL25","CCR10"
"329","CCL25","CCR9"
"330","CCL26","CCR1"
"331","CCL26","CCR2"
"332","CCL26","CCR3"
"333","CCL27","ACKR2"
"334","CCL27","CCR10"
"335","CCL28","ACKR2"
"336","CCL28","CCR10"
"337","CCL28","CCR3"
"338","CCL2","ACKR2"
"339","CCL2","ACKR4"
"340","CCL2","CCR1"
"341","CCL2","CCR10"
"342","CCL2","CCR2"
"343","CCL2","CCR3"
"344","CCL2","CCR4"
"345","CCL2","CCR5"
"346","CCL2","DARC"
"347","CCL3L1","CCR1"
"348","CCL3L1","CCR3"
"349","CCL3L1","CCR5"
"350","CCL3L3","ACKR2"
"351","CCL3L3","CCR5"
"352","CCL3","ACKR2"
"353","CCL3","CCR1"
"354","CCL3","CCR3"
"355","CCL3","CCR4"
"356","CCL3","CCR5"
"357","CCL4","ACKR2"
"358","CCL4","CCR1"
"359","CCL4","CCR3"
"360","CCL4","CCR5"
"361","CCL4","CCR8"
"362","CCL5","ACKR2"
"363","CCL5","ACKR4"
"364","CCL5","CCR1"
"365","CCL5","CCR3"
"366","CCL5","CCR4"
"367","CCL5","CCR5"
"368","CCL5","CXCR3"
"369","CCL5","DARC"
"370","CCL5","GPR75"
"371","CCL5","SDC1"
"372","CCL5","SDC4"
"373","CCL7","ACKR2"
"374","CCL7","ACKR4"
"375","CCL7","CCR1"
"376","CCL7","CCR10"
"377","CCL7","CCR2"
"378","CCL7","CCR3"
"379","CCL7","CCR5"
"380","CCL7","CXCR3"
"381","CCL7","DARC"
"382","CCL8","ACKR2"
"383","CCL8","ACKR4"
"384","CCL8","CCR1"
"385","CCL8","CCR2"
"386","CCL8","CCR3"
"387","CCL8","CCR5"
"388","CCL8","DARC"
"389","CD14","ITGA4"
"390","CD14","ITGB1"
"391","CD24","SELP"
"392","CD34","SELL"
"393","CD55","CD97"
"394","CD55","CR1"
"395","CD5L","CD5"
"396","CDH1","EGFR"
"397","CDH1","IGF1R"
"398","CDH1","ITGAE"
"399","CDH1","ITGB7"
"400","CDH1","PTPRF"
"401","CDH1","PTPRM"
"402","CEL","CXCR4"
"403","CFH","ITGAM"
"404","CFH","SELL"
"405","CGA","FSHR"
"406","CGA","LHCGR"
"407","CGA","TSHR"
"408","CGB","LHCGR"
"409","CGN","F11R"
"410","CHAD","ITGA2"
"411","CHAD","ITGB1"
"412","CLCF1","CNTFR"
"413","CLCF1","CRLF1"
"414","CLCF1","IL6ST"
"415","CLCF1","LIFR"
"416","CNTF","CNTFR"
"417","CNTF","IL6R"
"418","CNTF","IL6ST"
"419","CNTF","LIFR"
"420","CNTN2","CNTN1"
"421","CNTN2","CNTNAP2"
"422","CNTN2","NRCAM"
"423","CNTN4","PTPRG"
"424","COL11A1","DDR1"
"425","COL14A1","CD44"
"426","COL18A1","GPC1"
"427","COL18A1","GPC4"
"428","COL18A1","ITGA5"
"429","COL18A1","ITGB1"
"430","COL18A1","KDR"
"431","COL1A1","CD36"
"432","COL1A1","CD44"
"433","COL1A1","CD93"
"434","COL1A1","DDR1"
"435","COL1A1","DDR2"
"436","COL1A1","ITGA11"
"437","COL1A1","ITGA2"
"438","COL1A1","ITGA5"
"439","COL1A1","ITGB1"
"440","COL1A1","TMPRSS6"
"441","COL1A2","CD36"
"442","COL1A2","CD44"
"443","COL1A2","CD93"
"444","COL1A2","ITGA2"
"445","COL1A2","ITGA2B"
"446","COL1A2","ITGB3"
"447","COL2A1","DDR1"
"448","COL2A1","ITGA10"
"449","COL2A1","ITGA2"
"450","COL2A1","ITGA2B"
"451","COL2A1","ITGB1"
"452","COL2A1","MAG"
"453","COL2A1","TNFRSF10A"
"454","COL3A1","DDR1"
"455","COL3A1","DDR2"
"456","COL3A1","MAG"
"457","COL4A1","CD93"
"458","COL4A1","ITGA1"
"459","COL4A1","ITGAV"
"460","COL4A1","ITGB1"
"461","COL4A1","ITGB8"
"462","COL4A2","CD93"
"463","COL4A3","CD47"
"464","COL4A3","CD93"
"465","COL4A3","ITGAV"
"466","COL4A4","CD93"
"467","COL4A5","CD93"
"468","COL4A6","CD93"
"469","COL5A1","SDC3"
"470","COL5A2","DDR1"
"471","COL5A3","SDC3"
"472","COL8A1","ITGA1"
"473","COL8A1","ITGA2"
"474","COL9A1","MAG"
"475","COL9A2","MAG"
"476","COL9A3","MAG"
"477","COLQ","MUSK"
"478","CORT","GHSR"
"479","CORT","MRGPRX2"
"480","CORT","SSTR1"
"481","CORT","SSTR2"
"482","CORT","SSTR3"
"483","CORT","SSTR4"
"484","CORT","SSTR5"
"485","CPAMD8","SCTR"
"486","CP","SLC40A1"
"487","CRH","CRHR1"
"488","CRH","CRHR2"
"489","CRH","MC2R"
"490","CRP","OLR1"
"491","CSF1","CSF1R"
"492","CSF2","CSF1R"
"493","CSF2","CSF2RA"
"494","CSF2","CSF2RB"
"495","CSF2","CSF3R"
"496","CSF2","IL3RA"
"497","CSF2","SDC2"
"498","CSF3","CSF1R"
"499","CSF3","CSF3R"
"500","CSH1","PRLR"
"501","CSH2","PRLR"
"502","CSHL1","PRLR"
"503","CTF1","IL6ST"
"504","CTF1","LIFR"
"505","CTGF","ERBB4"
"506","CTGF","ITGA5"
"507","CTGF","ITGAM"
"508","CTGF","ITGB2"
"509","CTGF","LRP1"
"510","CTGF","LRP6"
"511","CTGF","NTRK1"
"512","CTHRC1","FZD3"
"513","CTHRC1","FZD5"
"514","CTHRC1","FZD6"
"515","CUBN","LRP2"
"516","CX3CL1","CX3CR1"
"517","CXCL10","CCR3"
"518","CXCL10","CXCR3"
"519","CXCL10","SDC4"
"520","CXCL11","ACKR3"
"521","CXCL11","CCR3"
"522","CXCL11","CXCR3"
"523","CXCL12","ACKR3"
"524","CXCL12","CD4"
"525","CXCL12","CXCR3"
"526","CXCL12","CXCR4"
"527","CXCL12","ITGB1"
"528","CXCL13","ACKR4"
"529","CXCL13","CCR10"
"530","CXCL13","CXCR3"
"531","CXCL13","CXCR5"
"532","CXCL16","CXCR6"
"533","CXCL1","CXCR1"
"534","CXCL1","CXCR2"
"535","CXCL1","DARC"
"536","CXCL2","CXCR1"
"537","CXCL2","CXCR2"
"538","CXCL2","XCR1"
"539","CXCL3","CXCR1"
"540","CXCL3","CXCR2"
"541","CXCL5","CXCR1"
"542","CXCL5","CXCR2"
"543","CXCL5","DARC"
"544","CXCL6","CXCR1"
"545","CXCL6","CXCR2"
"546","CXCL9","CCR3"
"547","CXCL9","CXCR3"
"548","CYR61","ITGA5"
"549","CYR61","ITGAM"
"550","CYR61","ITGAV"
"551","CYR61","ITGB2"
"552","CYR61","ITGB3"
"553","CYR61","ITGB5"
"554","DCN","EGFR"
"555","DCN","ERBB4"
"556","DCN","MET"
"557","DEFB103A","CCR6"
"558","DEFB103B","CCR2"
"559","DEFB103B","CCR6"
"560","DEFB1","CCR6"
"561","DEFB4A","CCR6"
"562","DEFB4A","TLR4"
"563","DEFB4B","CCR6"
"564","DHH","BOC"
"565","DHH","CDON"
"566","DHH","HHIP"
"567","DHH","PTCH1"
"568","DHH","PTCH2"
"569","DKK1","KREMEN1"
"570","DKK1","KREMEN2"
"571","DKK1","LRP5"
"572","DKK1","LRP6"
"573","DKK2","KREMEN2"
"574","DKK2","LRP6"
"575","DLK1","NOTCH1"
"576","DLK2","NOTCH1"
"577","DLL1","NOTCH1"
"578","DLL1","NOTCH2"
"579","DLL1","NOTCH3"
"580","DLL4","NOTCH1"
"581","DLL4","NOTCH2"
"582","DLL4","NOTCH3"
"583","DLL4","NOTCH4"
"584","EBI3","IL27RA"
"585","EDA","EDA2R"
"586","EDA","EDAR"
"587","EDIL3","ITGAV"
"588","EDN1","EDNRA"
"589","EDN1","EDNRB"
"590","EDN1","KEL"
"591","EDN2","EDNRA"
"592","EDN2","EDNRB"
"593","EDN2","KEL"
"594","EDN3","EDNRA"
"595","EDN3","EDNRB"
"596","EDN3","KEL"
"597","EFEMP1","EGFR"
"598","EFEMP2","AQP1"
"599","EFEMP2","CATSPER1"
"600","EFEMP2","LINGO1"
"601","EFEMP2","PLSCR4"
"602","EFNA1","EPHA1"
"603","EFNA1","EPHA2"
"604","EFNA1","EPHA3"
"605","EFNA1","EPHA4"
"606","EFNA1","EPHA5"
"607","EFNA1","EPHA6"
"608","EFNA1","EPHA7"
"609","EFNA1","EPHA8"
"610","EFNA1","EPHB1"
"611","EFNA2","EPHA2"
"612","EFNA2","EPHA3"
"613","EFNA2","EPHA4"
"614","EFNA2","EPHA5"
"615","EFNA2","EPHA6"
"616","EFNA2","EPHA7"
"617","EFNA2","EPHA8"
"618","EFNA3","EPHA1"
"619","EFNA3","EPHA2"
"620","EFNA3","EPHA3"
"621","EFNA3","EPHA4"
"622","EFNA3","EPHA5"
"623","EFNA3","EPHA6"
"624","EFNA3","EPHA7"
"625","EFNA3","EPHA8"
"626","EFNA3","EPHB1"
"627","EFNA4","EPHA2"
"628","EFNA4","EPHA3"
"629","EFNA4","EPHA4"
"630","EFNA4","EPHA5"
"631","EFNA4","EPHA6"
"632","EFNA4","EPHA7"
"633","EFNA4","EPHA8"
"634","EFNA5","EPHA2"
"635","EFNA5","EPHA3"
"636","EFNA5","EPHA4"
"637","EFNA5","EPHA5"
"638","EFNA5","EPHA6"
"639","EFNA5","EPHA7"
"640","EFNA5","EPHA8"
"641","EFNA5","EPHB1"
"642","EFNA5","EPHB2"
"643","EFNA5","EPHB6"
"644","EFNB1","EPHB1"
"645","EFNB1","EPHB2"
"646","EFNB1","EPHB3"
"647","EFNB1","EPHB4"
"648","EFNB1","EPHB6"
"649","EFNB1","ERBB2"
"650","EFNB2","EPHA3"
"651","EFNB2","EPHA4"
"652","EFNB2","EPHA6"
"653","EFNB2","EPHB1"
"654","EFNB2","EPHB2"
"655","EFNB2","EPHB3"
"656","EFNB2","EPHB4"
"657","EFNB2","EPHB6"
"658","EFNB2","GRM1"
"659","EFNB2","GRM5"
"660","EFNB2","PECAM1"
"661","EFNB2","RHBDL2"
"662","EFNB3","EPHA4"
"663","EFNB3","EPHB2"
"664","EFNB3","EPHB3"
"665","EFNB3","EPHB4"
"666","EFNB3","RHBDL2"
"667","EGF","EGFR"
"668","EGF","ERBB2"
"669","EGF","ERBB3"
"670","EGF","ERBB4"
"671","EPGN","EGFR"
"672","EPO","EPOR"
"673","EREG","EGFR"
"674","EREG","ERBB4"
"675","F10","F3"
"676","F11","GP1BA"
"677","F12","CD93"
"678","F12","GP1BA"
"679","F13A1","ITGA4"
"680","F13A1","ITGA9"
"681","F13A1","ITGB1"
"682","F2","F2R"
"683","F2","F2RL1"
"684","F2","F2RL2"
"685","F2","F2RL3"
"686","F2","GP1BA"
"687","F2","GP9"
"688","F2","ITGA2B"
"689","F2","THBD"
"690","F7","F3"
"691","F8","ASGR2"
"692","F8","LDLR"
"693","F8","LRP1"
"694","F9","LRP1"
"695","FASLG","TNFRSF6B"
"696","FAT4","DCHS1"
"697","FBLN1","ITGB1"
"698","FBLN2","ITGB3"
"699","FBN1","ITGA5"
"700","FBN1","ITGAV"
"701","FBN1","ITGB1"
"702","FBN1","ITGB3"
"703","FCN2","LRP1"
"704","FGA","CDH5"
"705","FGA","ITGA2B"
"706","FGA","ITGA5"
"707","FGA","ITGAM"
"708","FGA","ITGAV"
"709","FGA","ITGAX"
"710","FGA","ITGB1"
"711","FGA","ITGB2"
"712","FGA","ITGB3"
"713","FGB","ITGA2B"
"714","FGB","ITGA5"
"715","FGB","ITGAM"
"716","FGB","ITGAV"
"717","FGB","ITGB1"
"718","FGB","ITGB2"
"719","FGF10","FGFR2"
"720","FGF13","SCN5A"
"721","FGF13","SCN8A"
"722","FGF16","FGFR2"
"723","FGF16","FGFR3"
"724","FGF16","FGFR4"
"725","FGF17","FGFR1"
"726","FGF17","FGFR2"
"727","FGF17","FGFR3"
"728","FGF17","FGFR4"
"729","FGF18","FGFR1"
"730","FGF18","FGFR2"
"731","FGF18","FGFR3"
"732","FGF18","FGFR4"
"733","FGF19","FGFR1"
"734","FGF19","FGFR2"
"735","FGF19","FGFR3"
"736","FGF19","FGFR4"
"737","FGF19","KLB"
"738","FGF1","FGFR1"
"739","FGF1","FGFR2"
"740","FGF1","FGFR3"
"741","FGF1","FGFR4"
"742","FGF1","NRP1"
"743","FGF20","FGFR4"
"744","FGF21","FGFR4"
"745","FGF22","FGFR2"
"746","FGF23","FGFR1"
"747","FGF23","FGFR2"
"748","FGF23","FGFR3"
"749","FGF23","FGFR4"
"750","FGF23","PHEX"
"751","FGF2","CD44"
"752","FGF2","FGFR1"
"753","FGF2","FGFR2"
"754","FGF2","FGFR3"
"755","FGF2","FGFR4"
"756","FGF2","FGFRL1"
"757","FGF2","GPC4"
"758","FGF2","NRP1"
"759","FGF2","SDC1"
"760","FGF2","SDC2"
"761","FGF2","SDC3"
"762","FGF2","SDC4"
"763","FGF3","FGFR1"
"764","FGF3","FGFR2"
"765","FGF3","FGFR3"
"766","FGF3","FGFR4"
"767","FGF4","FGFR1"
"768","FGF4","FGFR2"
"769","FGF4","FGFR3"
"770","FGF4","FGFR4"
"771","FGF4","NRP1"
"772","FGF5","FGFR1"
"773","FGF5","FGFR2"
"774","FGF5","FGFR3"
"775","FGF5","FGFR4"
"776","FGF6","FGFR1"
"777","FGF6","FGFR2"
"778","FGF6","FGFR3"
"779","FGF6","FGFR4"
"780","FGF7","FGFR1"
"781","FGF7","FGFR2"
"782","FGF7","FGFR3"
"783","FGF7","FGFR4"
"784","FGF7","NRP1"
"785","FGF8","FGFR1"
"786","FGF8","FGFR2"
"787","FGF8","FGFR3"
"788","FGF8","FGFR4"
"789","FGF9","FGFR1"
"790","FGF9","FGFR2"
"791","FGF9","FGFR3"
"792","FGF9","FGFR4"
"793","FGG","ITGA2B"
"794","FGG","ITGA5"
"795","FGG","ITGAV"
"796","FGG","ITGB1"
"797","FGG","ITGB2"
"798","FGL1","EGFR"
"799","FIGF","FLT4"
"800","FIGF","ITGA9"
"801","FIGF","KDR"
"802","FIGF","NRP2"
"803","FLT3LG","FLT3"
"804","FN1","CD44"
"805","FN1","COL13A1"
"806","FN1","ITGA2"
"807","FN1","ITGA2B"
"808","FN1","ITGA3"
"809","FN1","ITGA4"
"810","FN1","ITGA5"
"811","FN1","ITGA8"
"812","FN1","ITGA9"
"813","FN1","ITGAV"
"814","FN1","ITGB1"
"815","FN1","ITGB3"
"816","FN1","ITGB6"
"817","FN1","ITGB7"
"818","FN1","ITGB8"
"819","FN1","MAG"
"820","FN1","NT5E"
"821","FN1","PLAUR"
"822","FN1","SDC2"
"823","FN1","TMPRSS6"
"824","FN1","TNFRSF11B"
"825","FN1","TSHR"
"826","FSHB","FSHR"
"827","GALP","GALR1"
"828","GALP","GALR2"
"829","GALP","GALR3"
"830","GAL","GALR1"
"831","GAL","GALR2"
"832","GAL","GALR3"
"833","GAL","GPR151"
"834","GAS6","AXL"
"835","GAS6","MERTK"
"836","GAS6","TYRO3"
"837","GAST","CCKBR"
"838","GCG","GCGR"
"839","GCG","GLP1R"
"840","GCG","GLP2R"
"841","GDF11","ACVR1B"
"842","GDF11","ACVR2A"
"843","GDF11","ACVR2B"
"844","GDF2","ACVR1"
"845","GDF2","ACVR2A"
"846","GDF2","ACVR2B"
"847","GDF2","ACVRL1"
"848","GDF2","BMPR2"
"849","GDF2","ENG"
"850","GDF5","ACVR1"
"851","GDF5","ACVR2A"
"852","GDF5","ACVR2B"
"853","GDF5","BMPR1A"
"854","GDF5","BMPR1B"
"855","GDF5","BMPR2"
"856","GDF5","ROR2"
"857","GDF6","BMPR1A"
"858","GDF6","BMPR1B"
"859","GDF6","BMPR2"
"860","GDF7","ACVR2A"
"861","GDF7","BMPR1A"
"862","GDF7","BMPR2"
"863","GDF9","ACVR2A"
"864","GDF9","BMPR1A"
"865","GDF9","BMPR1B"
"866","GDF9","BMPR2"
"867","GDF9","FXYD6"
"868","GDF9","ORAI2"
"869","GDF9","TGFBR1"
"870","GDNF","GFRA1"
"871","GDNF","GFRA2"
"872","GDNF","RET"
"873","GH1","GHR"
"874","GH1","PRLR"
"875","GH2","GHR"
"876","GHRH","GHRHR"
"877","GHRH","VIPR1"
"878","GHRL","GHRHR"
"879","GHRL","GHSR"
"880","GHRL","GPR39"
"881","GHRL","MLNR"
"882","GIP","DPP4"
"883","GIP","GIPR"
"884","GNAI2","ADCY1"
"885","GNAI2","ADORA1"
"886","GNAI2","ADRA2A"
"887","GNAI2","ADRA2B"
"888","GNAI2","AGTR2"
"889","GNAI2","C5AR1"
"890","GNAI2","CAV1"
"891","GNAI2","CCR5"
"892","GNAI2","CHRM1"
"893","GNAI2","CNR1"
"894","GNAI2","CXCR1"
"895","GNAI2","CXCR2"
"896","GNAI2","DRD2"
"897","GNAI2","EDNRA"
"898","GNAI2","EGFR"
"899","GNAI2","F2R"
"900","GNAI2","FPR1"
"901","GNAI2","IGF1R"
"902","GNAI2","LHCGR"
"903","GNAI2","LPAR3"
"904","GNAI2","MTNR1A"
"905","GNAI2","MTNR1B"
"906","GNAI2","OPRD1"
"907","GNAI2","OPRM1"
"908","GNAI2","P2RY12"
"909","GNAI2","PTPRU"
"910","GNAI2","TBXA2R"
"911","GNAI2","TSHR"
"912","GNAS","ADORA1"
"913","GNAS","ADRB3"
"914","GNAS","AVPR2"
"915","GNAS","CRHR1"
"916","GNAS","GCGR"
"917","GNAS","HTR6"
"918","GNAS","LHCGR"
"919","GNAS","PTGDR"
"920","GNAS","PTGIR"
"921","GNAS","TSHR"
"922","GNAS","VIPR1"
"923","GNB3","TGFBR1"
"924","GNRH1","GNRHR"
"925","GNRH2","GNRHR"
"926","GPC3","CD81"
"927","GPC3","IGF1R"
"928","GPHA2","TSHR"
"929","GPI","AMFR"
"930","GRP","BRS3"
"931","GRP","GRPR"
"932","GRP","NMBR"
"933","GSTP1","TRAF2"
"934","GUCA2A","GUCY2C"
"935","GUCA2B","GUCY2C"
"936","GUCA2B","GUCY2D"
"937","GZMB","CHRM3"
"938","GZMB","IGF2R"
"939","HAS2","CD44"
"940","HAS2","HMMR"
"941","HBEGF","CD44"
"942","HBEGF","CD82"
"943","HBEGF","CD9"
"944","HBEGF","EGFR"
"945","HBEGF","ERBB2"
"946","HBEGF","ERBB4"
"947","HCRT","HCRTR1"
"948","HCRT","HCRTR2"
"949","HCRT","NPFFR2"
"950","HEBP1","FPR3"
"951","HGF","CD44"
"952","HGF","MET"
"953","HGF","SDC1"
"954","HGF","SDC2"
"955","HGF","ST14"
"956","HLA-A","APLP2"
"957","HLA-A","ERBB2"
"958","HLA-A","KIR3DL1"
"959","HLA-A","KIR3DL2"
"960","HLA-A","LILRB1"
"961","HLA-A","LILRB2"
"962","HLA-B","CANX"
"963","HLA-B","KIR3DL1"
"964","HLA-B","KLRD1"
"965","HLA-B","LILRB1"
"966","HLA-B","LILRB2"
"967","HLA-C","KIR2DL1"
"968","HLA-C","KIR2DL3"
"969","HLA-C","KIR2DS4"
"970","HLA-C","LILRA3"
"971","HLA-C","LILRB1"
"972","HLA-C","LILRB2"
"973","HLA-E","KLRC1"
"974","HLA-E","KLRC2"
"975","HLA-E","KLRD1"
"976","HLA-G","KIR2DL4"
"977","HLA-G","KLRC1"
"978","HLA-G","KLRD1"
"979","HLA-G","LILRB1"
"980","HLA-G","LILRB2"
"981","HMGB1","SDC1"
"982","HMGB1","THBD"
"983","HP","ITGAM"
"984","HP","ITGB2"
"985","HRAS","AGTR1"
"986","HRAS","CAV1"
"987","HRAS","GRIN2D"
"988","HRAS","INSR"
"989","HRAS","TLR2"
"990","HRAS","TLR9"
"991","HRG","FCGR1A"
"992","HSP90AA1","CFTR"
"993","HSP90AA1","EGFR"
"994","HSP90AA1","FGFR3"
"995","HSPG2","COL13A1"
"996","HSPG2","ITGA2"
"997","HSPG2","ITGB1"
"998","HSPG2","PTPRS"
"999","IAPP","CALCR"
"1000","IAPP","RAMP1"
"1001","IAPP","RAMP2"
"1002","ICAM1","EGFR"
"1003","ICAM1","IL2RA"
"1004","ICAM1","IL2RG"
"1005","ICAM1","ITGAL"
"1006","ICAM1","ITGAM"
"1007","ICAM1","ITGAX"
"1008","ICAM1","ITGB2"
"1009","ICAM2","ITGAL"
"1010","ICAM2","ITGAM"
"1011","ICAM2","ITGB2"
"1012","ICAM3","CLEC4M"
"1013","ICAM3","ITGAD"
"1014","ICAM3","ITGAL"
"1015","ICAM3","ITGB2"
"1016","ICAM4","ITGA2B"
"1017","ICAM4","ITGA4"
"1018","ICAM4","ITGAL"
"1019","ICAM4","ITGAM"
"1020","ICAM4","ITGAV"
"1021","ICAM4","ITGB1"
"1022","ICAM4","ITGB2"
"1023","ICAM4","ITGB3"
"1024","ICAM4","RHAG"
"1025","ICAM5","ITGAL"
"1026","ICAM5","ITGB2"
"1027","IFNA10","IFNAR1"
"1028","IFNA10","IFNAR2"
"1029","IFNA13","IFNAR1"
"1030","IFNA13","IFNAR2"
"1031","IFNA14","IFNAR1"
"1032","IFNA14","IFNAR2"
"1033","IFNA16","IFNAR1"
"1034","IFNA16","IFNAR2"
"1035","IFNA17","IFNAR1"
"1036","IFNA17","IFNAR2"
"1037","IFNA1","IFNAR1"
"1038","IFNA1","IFNAR2"
"1039","IFNA21","IFNAR1"
"1040","IFNA21","IFNAR2"
"1041","IFNA2","IFNAR1"
"1042","IFNA2","IFNAR2"
"1043","IFNA4","IFNAR1"
"1044","IFNA4","IFNAR2"
"1045","IFNA5","IFNAR1"
"1046","IFNA5","IFNAR2"
"1047","IFNA6","IFNAR1"
"1048","IFNA6","IFNAR2"
"1049","IFNA7","IFNAR1"
"1050","IFNA7","IFNAR2"
"1051","IFNA8","IFNAR1"
"1052","IFNA8","IFNAR2"
"1053","IFNB1","IFNAR1"
"1054","IFNB1","IFNAR2"
"1055","IFNG","IFNGR1"
"1056","IFNG","IFNGR2"
"1057","IFNL1","IFNLR1"
"1058","IFNL1","IL10RB"
"1059","IFNL2","IFNLR1"
"1060","IFNL2","IL10RB"
"1061","IFNL3","IFNLR1"
"1062","IFNL3","IL10RB"
"1063","IFNW1","IFNAR1"
"1064","IFNW1","IFNAR2"
"1065","IGF1","IGF1R"
"1066","IGF2","IGF1R"
"1067","IGF2","IGF2R"
"1068","IGF2","INSR"
"1069","IGFBP4","FZD8"
"1070","IGFBP4","LRP6"
"1071","IGFL1","IGFLR1"
"1072","IGFL2","IGFLR1"
"1073","IGFL3","IGFLR1"
"1074","IHH","BOC"
"1075","IHH","CDON"
"1076","IHH","HHIP"
"1077","IHH","PTCH1"
"1078","IHH","PTCH2"
"1079","IL10","IL10RA"
"1080","IL10","IL10RB"
"1081","IL11","IL11RA"
"1082","IL11","IL6ST"
"1083","IL12A","CD28"
"1084","IL12A","IL12RB1"
"1085","IL12A","IL12RB2"
"1086","IL12B","IL12RB1"
"1087","IL12B","IL12RB2"
"1088","IL12B","IL23R"
"1089","IL13","IL13RA1"
"1090","IL13","IL13RA2"
"1091","IL13","IL2RG"
"1092","IL13","IL4R"
"1093","IL15","IL15RA"
"1094","IL15","IL2RA"
"1095","IL15","IL2RB"
"1096","IL15","IL2RG"
"1097","IL16","CD4"
"1098","IL16","GRIN2C"
"1099","IL16","GRIN2D"
"1100","IL16","KCNA3"
"1101","IL16","KCND1"
"1102","IL16","KCND2"
"1103","IL16","KCNJ10"
"1104","IL16","KCNJ15"
"1105","IL16","KCNJ4"
"1106","IL17A","IL17RA"
"1107","IL17A","IL17RC"
"1108","IL17B","IL17RB"
"1109","IL17F","IL17RA"
"1110","IL18","IL18R1"
"1111","IL18","IL18RAP"
"1112","IL18","IL1RAPL1"
"1113","IL18","IL1RL2"
"1114","IL19","IL20RA"
"1115","IL19","IL20RB"
"1116","IL1A","IL1R1"
"1117","IL1A","IL1R2"
"1118","IL1A","IL1RAP"
"1119","IL1B","ADRB2"
"1120","IL1B","IL1R1"
"1121","IL1B","IL1R2"
"1122","IL1B","IL1RAP"
"1123","IL1F10","IL1R1"
"1124","IL1RN","IL1R1"
"1125","IL1RN","IL1R2"
"1126","IL20","IL20RA"
"1127","IL20","IL20RB"
"1128","IL20","IL22RA1"
"1129","IL21","IL21R"
"1130","IL21","IL2RG"
"1131","IL22","IL10RA"
"1132","IL22","IL10RB"
"1133","IL22","IL22RA1"
"1134","IL22","IL22RA2"
"1135","IL23A","IL12RB1"
"1136","IL23A","IL23R"
"1137","IL24","IL20RA"
"1138","IL24","IL20RB"
"1139","IL24","IL22RA1"
"1140","IL25","IL17RB"
"1141","IL27","IL27RA"
"1142","IL2","CD53"
"1143","IL2","IL2RA"
"1144","IL2","IL2RB"
"1145","IL2","IL2RG"
"1146","IL2","NGFR"
"1147","IL31","IL31RA"
"1148","IL31","OSMR"
"1149","IL33","IL1RL1"
"1150","IL34","CSF1R"
"1151","IL3","CSF2RB"
"1152","IL3","IL3RA"
"1153","IL4","CD53"
"1154","IL4","IL13RA1"
"1155","IL4","IL13RA2"
"1156","IL4","IL2RG"
"1157","IL4","IL4R"
"1158","IL5","CSF2RB"
"1159","IL5","IL5RA"
"1160","IL6","IL6R"
"1161","IL6","IL6ST"
"1162","IL7","IL2RG"
"1163","IL7","IL7R"
"1164","IL8","CXCR1"
"1165","IL8","CXCR2"
"1166","IL8","DARC"
"1167","IL8","SDC1"
"1168","IL8","SDC2"
"1169","IL9","IL2RG"
"1170","IL9","IL9R"
"1171","INHA","ACVR2A"
"1172","INHA","TGFBR3"
"1173","INHBA","ACVR1"
"1174","INHBA","ACVR1B"
"1175","INHBA","ACVR2A"
"1176","INHBA","ACVR2B"
"1177","INHBA","BAMBI"
"1178","INHBA","ENG"
"1179","INHBA","TGFBR3"
"1180","INHBB","ACVR1"
"1181","INHBB","ACVR1B"
"1182","INHBB","ACVR1C"
"1183","INHBB","ACVR2A"
"1184","INHBB","ACVR2B"
"1185","INHBC","ACVR1"
"1186","INHBC","ACVR1B"
"1187","INHBC","ACVR2A"
"1188","INHBC","ACVR2B"
"1189","INSL3","RXFP2"
"1190","INSL5","RXFP3"
"1191","INSL5","RXFP4"
"1192","INS","IGF1R"
"1193","INS","INSR"
"1194","INS","LRP2"
"1195","ITGB3BP","ITGB3"
"1196","ITGB3BP","ITGB5"
"1197","ITIH2","FCER1A"
"1198","JAG1","NOTCH1"
"1199","JAG1","NOTCH2"
"1200","JAG1","NOTCH3"
"1201","JAG1","NOTCH4"
"1202","JAG2","NOTCH1"
"1203","JAG2","NOTCH2"
"1204","JAG2","NOTCH3"
"1205","KAL1","FGFR1"
"1206","KAL1","SDC2"
"1207","KISS1","KISS1R"
"1208","KISS1","MMP24"
"1209","KITLG","EPOR"
"1210","KITLG","KIT"
"1211","KLK3","EPOR"
"1212","KNG1","BDKRB1"
"1213","KNG1","BDKRB2"
"1214","KNG1","CD93"
"1215","KNG1","GP1BA"
"1216","KNG1","GPR135"
"1217","KNG1","ITGB2"
"1218","KNG1","PLAUR"
"1219","KNG1","RXFP4"
"1220","KRTAP4-12","AQP1"
"1221","KRTAP4-12","CATSPER1"
"1222","KRTAP4-12","CLDN2"
"1223","KRTAP4-12","CNTFR"
"1224","KRTAP4-12","LINGO1"
"1225","KRTAP4-12","PDGFRB"
"1226","KRTAP4-12","PLSCR4"
"1227","L1CAM","CNTN1"
"1228","L1CAM","EGFR"
"1229","L1CAM","ERBB2"
"1230","L1CAM","ERBB3"
"1231","L1CAM","ITGA5"
"1232","L1CAM","ITGAV"
"1233","LACRT","SDC1"
"1234","LAMA1","ITGA1"
"1235","LAMA1","ITGA2"
"1236","LAMA1","ITGA7"
"1237","LAMA1","ITGB1"
"1238","LAMA1","ITGB8"
"1239","LAMA1","NT5E"
"1240","LAMA1","RPSA"
"1241","LAMA1","TMPRSS6"
"1242","LAMA2","ITGA7"
"1243","LAMA2","ITGB1"
"1244","LAMA2","RPSA"
"1245","LAMA3","SDC2"
"1246","LAMA5","BCAM"
"1247","LAMB1","ITGA6"
"1248","LAMB1","ITGB1"
"1249","LAMB2","RPSA"
"1250","LAMC2","ITGA3"
"1251","LAMC2","ITGA6"
"1252","LAMC2","ITGB1"
"1253","LAMC2","ITGB4"
"1254","LCN1","LMBR1L"
"1255","LCN2","LRP2"
"1256","LEFTY2","ACVR2B"
"1257","LEP","LEPR"
"1258","LGALS3BP","ITGB1"
"1259","LHB","LHCGR"
"1260","LIF","IL6ST"
"1261","LIF","LIFR"
"1262","LIN7C","ABCA1"
"1263","LIN7C","HTR2C"
"1264","LIPC","LRP1"
"1265","LIPH","LPAR1"
"1266","LIPH","LPAR2"
"1267","LIPH","LPAR4"
"1268","LPA","LRP2"
"1269","LPL","GPIHBP1"
"1270","LPL","LRP1"
"1271","LPL","LRP2"
"1272","LPL","SDC1"
"1273","LPL","VLDLR"
"1274","LRP1B","PLAUR"
"1275","LRPAP1","LDLR"
"1276","LRPAP1","LRP1"
"1277","LRPAP1","LRP2"
"1278","LRPAP1","LRP8"
"1279","LRPAP1","SORL1"
"1280","LRPAP1","SORT1"
"1281","LRPAP1","VLDLR"
"1282","LTA","LTBR"
"1283","LTA","TNFRSF14"
"1284","LTA","TNFRSF1B"
"1285","LTBP1","ITGB5"
"1286","LTBP3","ITGB5"
"1287","LTB","CD40"
"1288","LTB","LTBR"
"1289","LTB","TNFRSF1A"
"1290","LTF","LRP1"
"1291","LTF","LRP11"
"1292","LY86","CD180"
"1293","MADCAM1","CD44"
"1294","MADCAM1","ITGA4"
"1295","MADCAM1","ITGB7"
"1296","MATN1","ITGA1"
"1297","MATN1","ITGB1"
"1298","MBL2","CALCR"
"1299","MBL2","CD93"
"1300","MDK","ALK"
"1301","MDK","LRP1"
"1302","MDK","LRP2"
"1303","MDK","PTPRZ1"
"1304","MDK","SDC1"
"1305","MDK","SDC3"
"1306","MDK","SDC4"
"1307","MDK","TSPAN1"
"1308","MEPE","PHEX"
"1309","MFAP2","NOTCH1"
"1310","MFAP5","NOTCH1"
"1311","MFGE8","ITGAV"
"1312","MFGE8","ITGB3"
"1313","MFGE8","PDGFRB"
"1314","MFNG","NOTCH1"
"1315","MFNG","NOTCH2"
"1316","MIA","CDH7"
"1317","MLLT4","EPHA7"
"1318","MLLT4","EPHB2"
"1319","MLLT4","EPHB3"
"1320","MLLT4","EPHB6"
"1321","MLLT4","F11R"
"1322","MLLT4","NRXN2"
"1323","MLLT4","NRXN3"
"1324","MLLT4","PVRL1"
"1325","MLLT4","PVRL2"
"1326","MLLT4","PVRL3"
"1327","MLLT4","PVRL4"
"1328","MLN","MLNR"
"1329","MMP12","PLAUR"
"1330","MMP13","LRP1"
"1331","MMP1","CD44"
"1332","MMP1","ITGA2"
"1333","MMP2","SDC2"
"1334","MMP7","CD151"
"1335","MMP7","CD44"
"1336","MMP7","ERBB4"
"1337","MMP9","CD44"
"1338","MMP9","EPHB2"
"1339","MMP9","LRP1"
"1340","MST1","MST1R"
"1341","MSTN","ACVR2B"
"1342","MUC2","AGR2"
"1343","MUC7","SELL"
"1344","MYOC","FZD1"
"1345","MYOC","FZD10"
"1346","MYOC","FZD3"
"1347","MYOC","FZD4"
"1348","MYOC","FZD7"
"1349","NAMPT","INSR"
"1350","NCAM1","FGFR1"
"1351","NCAM1","GFRA1"
"1352","NCAM1","ROBO1"
"1353","NCAM1","ROBO3"
"1354","NDP","FZD4"
"1355","NDP","LGR4"
"1356","NGF","NGFR"
"1357","NGF","NTRK1"
"1358","NGF","SORCS3"
"1359","NGF","SORT1"
"1360","NID1","COL13A1"
"1361","NID1","ITGAV"
"1362","NID1","ITGB3"
"1363","NID1","PTPRF"
"1364","NID2","COL13A1"
"1365","NLGN1","NRXN1"
"1366","NLGN1","NRXN2"
"1367","NLGN1","NRXN3"
"1368","NLGN2","NRXN1"
"1369","NLGN2","NRXN2"
"1370","NLGN2","NRXN3"
"1371","NLGN3","NRXN1"
"1372","NLGN3","NRXN2"
"1373","NLGN3","NRXN3"
"1374","NMB","BRS3"
"1375","NMB","GRPR"
"1376","NMB","NMBR"
"1377","NMS","NMUR1"
"1378","NMS","NMUR2"
"1379","NMU","NMUR1"
"1380","NMU","NMUR2"
"1381","NODAL","ACVR1B"
"1382","NODAL","ACVR1C"
"1383","NODAL","ACVR2A"
"1384","NODAL","ACVR2B"
"1385","NOV","NOTCH1"
"1386","NPB","NPBWR1"
"1387","NPB","NPBWR2"
"1388","NPFF","NPFFR1"
"1389","NPFF","NPFFR2"
"1390","NPNT","ITGA8"
"1391","NPNT","ITGB1"
"1392","NPPA","NPR1"
"1393","NPPA","NPR3"
"1394","NPPB","NPR1"
"1395","NPPB","NPR2"
"1396","NPPB","NPR3"
"1397","NPPC","NPR2"
"1398","NPPC","NPR3"
"1399","NPS","NPSR1"
"1400","NPVF","NPFFR1"
"1401","NPVF","NPFFR2"
"1402","NPW","NPBWR1"
"1403","NPW","NPBWR2"
"1404","NPY","FAP"
"1405","NPY","MC4R"
"1406","NPY","NPFFR2"
"1407","NPY","NPY1R"
"1408","NPY","NPY2R"
"1409","NPY","NPY4R"
"1410","NPY","NPY5R"
"1411","NPY","PRLHR"
"1412","NRG1","ERBB2"
"1413","NRG1","ERBB3"
"1414","NRG1","ERBB4"
"1415","NRG2","ERBB3"
"1416","NRG2","ERBB4"
"1417","NRG3","ERBB4"
"1418","NRG4","ERBB4"
"1419","NRTN","GFRA1"
"1420","NRTN","GFRA2"
"1421","NRTN","RET"
"1422","NTF3","NGFR"
"1423","NTF3","NTRK1"
"1424","NTF3","NTRK2"
"1425","NTF3","NTRK3"
"1426","NTF4","NGFR"
"1427","NTF4","NGFRAP1"
"1428","NTF4","NTRK1"
"1429","NTF4","NTRK2"
"1430","NTN1","ADORA2B"
"1431","NTN1","DCC"
"1432","NTN1","NEO1"
"1433","NTN1","UNC5A"
"1434","NTN1","UNC5B"
"1435","NTN1","UNC5C"
"1436","NTN1","UNC5D"
"1437","NTN3","CDON"
"1438","NTN3","NEO1"
"1439","NTN4","DCC"
"1440","NTN4","UNC5A"
"1441","NTNG1","LRRC4C"
"1442","NTNG2","LRRC4"
"1443","NTS","NTSR1"
"1444","NTS","NTSR2"
"1445","NTS","SORT1"
"1446","NXPH1","NRXN1"
"1447","NXPH1","NRXN2"
"1448","NXPH1","NRXN3"
"1449","NXPH2","NRXN1"
"1450","NXPH3","NRXN1"
"1451","NXPH3","NRXN2"
"1452","NXPH3","NRXN3"
"1453","OBP2A","OR1G1"
"1454","OLFM2","ROBO2"
"1455","OMG","LINGO1"
"1456","OMG","RTN4R"
"1457","OMG","RTN4RL1"
"1458","OMG","TNFRSF1B"
"1459","ORM1","CCR5"
"1460","OSM","IL6ST"
"1461","OSM","LIFR"
"1462","OSM","OSMR"
"1463","OSTN","NPR3"
"1464","OXT","AVPR1A"
"1465","OXT","AVPR1B"
"1466","OXT","AVPR2"
"1467","OXT","OXTR"
"1468","PCSK9","VLDLR"
"1469","PDAP1","PDGFRB"
"1470","PDGFA","PDGFRA"
"1471","PDGFB","ART1"
"1472","PDGFB","LRP1"
"1473","PDGFB","PDGFRA"
"1474","PDGFB","PDGFRB"
"1475","PDGFC","FLT4"
"1476","PDGFC","KDR"
"1477","PDGFC","PDGFRA"
"1478","PDGFD","PDGFRB"
"1479","PDYN","OPRD1"
"1480","PDYN","OPRK1"
"1481","PDYN","OPRM1"
"1482","PENK","MRGPRX1"
"1483","PENK","OGFR"
"1484","PENK","OPRD1"
"1485","PENK","OPRM1"
"1486","PF4","CXCR3"
"1487","PF4","FGFR2"
"1488","PF4","LDLR"
"1489","PF4","PROCR"
"1490","PF4","SDC2"
"1491","PF4","THBD"
"1492","PGF","FLT1"
"1493","PGF","NRP1"
"1494","PGF","NRP2"
"1495","PIGF","FLT1"
"1496","PIP","CD4"
"1497","PLA2G10","PLA2R1"
"1498","PLAT","LRP1"
"1499","PLAU","IGF2R"
"1500","PLAU","LRP1"
"1501","PLAU","LRP2"
"1502","PLAU","PLAUR"
"1503","PLAU","ST14"
"1504","PLG","F2R"
"1505","PLG","F2RL1"
"1506","PLG","F3"
"1507","PLG","ITGA9"
"1508","PLG","ITGB1"
"1509","PLG","PLGRKT"
"1510","PLTP","ABCA1"
"1511","PMCH","MCHR1"
"1512","PMCH","MCHR2"
"1513","PNOC","OPRL1"
"1514","PODXL2","SELL"
"1515","PODXL","SELL"
"1516","POMC","MC1R"
"1517","POMC","MC2R"
"1518","POMC","MC3R"
"1519","POMC","MC4R"
"1520","POMC","MC5R"
"1521","POMC","OPRD1"
"1522","POMC","OPRK1"
"1523","POMC","OPRM1"
"1524","PON2","HTR2A"
"1525","PPBP","CXCR1"
"1526","PPBP","CXCR2"
"1527","PPY","NPY4R"
"1528","PPY","NPY5R"
"1529","PRLH","PRLHR"
"1530","PRL","PRLR"
"1531","PRND","RPSA"
"1532","PROC","PROCR"
"1533","PROC","THBD"
"1534","PROK1","PROKR1"
"1535","PROK1","PROKR2"
"1536","PROK2","PROKR1"
"1537","PROK2","PROKR2"
"1538","PROS1","AXL"
"1539","PROS1","TYRO3"
"1540","PRSS23","TMEM222"
"1541","PSAP","CD1B"
"1542","PSAP","CELSR1"
"1543","PSAP","GPR37"
"1544","PSAP","GPR37L1"
"1545","PSAP","LRP1"
"1546","PSEN1","NCSTN"
"1547","PSEN1","NOTCH1"
"1548","PSEN1","NOTCH2"
"1549","PSEN1","NOTCH3"
"1550","PSEN1","NOTCH4"
"1551","PSPN","GFRA1"
"1552","PSPN","GFRA4"
"1553","PSPN","RET"
"1554","PTDSS1","JMJD6"
"1555","PTDSS1","SCARB1"
"1556","PTGS2","CAV1"
"1557","PTGS2","PTGDR2"
"1558","PTH2","PTH1R"
"1559","PTH2","PTH2R"
"1560","PTHLH","PRLHR"
"1561","PTHLH","PTH1R"
"1562","PTHLH","PTH2R"
"1563","PTH","PTH1R"
"1564","PTH","PTH2R"
"1565","PTMA","VIPR1"
"1566","PTN","ALK"
"1567","PTN","CDH10"
"1568","PTN","PLXNB2"
"1569","PTN","PTPRB"
"1570","PTN","PTPRS"
"1571","PTN","PTPRZ1"
"1572","PTN","SDC1"
"1573","PTN","SDC3"
"1574","PYY","FAP"
"1575","PYY","NPY1R"
"1576","PYY","NPY2R"
"1577","PYY","NPY4R"
"1578","PYY","NPY5R"
"1579","QRFP","P2RY14"
"1580","QRFP","QRFPR"
"1581","RAET1E","KLRK1"
"1582","RARRES2","CCRL2"
"1583","RARRES2","CMKLR1"
"1584","RARRES2","GPR1"
"1585","RBP3","NOTCH1"
"1586","RBP4","STRA6"
"1587","RELN","ITGA3"
"1588","RELN","ITGB1"
"1589","RELN","LRP8"
"1590","RELN","VLDLR"
"1591","REN","ATP6AP2"
"1592","RGMA","NEO1"
"1593","RGMB","NEO1"
"1594","RIMS1","CACNA1C"
"1595","RIMS2","ABCA1"
"1596","RLN1","RXFP1"
"1597","RLN1","RXFP2"
"1598","RLN2","RXFP1"
"1599","RLN2","RXFP2"
"1600","RLN3","RXFP1"
"1601","RLN3","RXFP2"
"1602","RLN3","RXFP3"
"1603","RLN3","RXFP4"
"1604","RNASE2","TLR2"
"1605","RPH3A","NRXN1"
"1606","RPS19","C5AR1"
"1607","RSPO1","LGR4"
"1608","RSPO1","LGR5"
"1609","RSPO1","LGR6"
"1610","RSPO1","LRP6"
"1611","RSPO1","ZNRF3"
"1612","RSPO2","LGR4"
"1613","RSPO2","LGR5"
"1614","RSPO2","LGR6"
"1615","RSPO3","FZD8"
"1616","RSPO3","LGR4"
"1617","RSPO3","LGR5"
"1618","RSPO3","LGR6"
"1619","RSPO3","LRP6"
"1620","RSPO3","SDC4"
"1621","RSPO4","LGR4"
"1622","RSPO4","LGR5"
"1623","RSPO4","LGR6"
"1624","RTN4","CNTNAP1"
"1625","RTN4","LINGO1"
"1626","RTN4","RTN4R"
"1627","RTN4","TNFRSF19"
"1628","S100A8","TLR4"
"1629","S100A9","TLR4"
"1630","SAA1","FPR1"
"1631","SAA1","FPR2"
"1632","SCGB1A1","LMBR1L"
"1633","SCGB1A1","LRP2"
"1634","SCGB3A1","MARCO"
"1635","SCGB3A2","MARCO"
"1636","SCT","SCTR"
"1637","SCT","VIPR1"
"1638","SCT","VIPR2"
"1639","SELPLG","SELE"
"1640","SELPLG","SELL"
"1641","SELPLG","SELP"
"1642","SEMA3A","NRP1"
"1643","SEMA3A","NRP2"
"1644","SEMA3A","PLXNA1"
"1645","SEMA3A","PLXNA2"
"1646","SEMA3A","PLXNA4"
"1647","SEMA3B","NRP1"
"1648","SEMA3B","NRP2"
"1649","SEMA3C","NRP1"
"1650","SEMA3C","NRP2"
"1651","SEMA3C","PLXND1"
"1652","SEMA3D","NRP1"
"1653","SEMA3E","PLXND1"
"1654","SEMA3F","NRP1"
"1655","SEMA3F","NRP2"
"1656","SEMA3F","PLXNA3"
"1657","SEMA3G","NRP2"
"1658","SEMA4A","PLXND1"
"1659","SEMA4B","DCBLD2"
"1660","SEMA4C","PLXNB2"
"1661","SEMA4D","CD72"
"1662","SEMA4D","ERBB2"
"1663","SEMA4D","MET"
"1664","SEMA4D","PLXNB1"
"1665","SEMA4D","PLXNB2"
"1666","SEMA4F","NRP2"
"1667","SEMA4G","PLXNB2"
"1668","SEMA5A","MET"
"1669","SEMA5A","PLXNB3"
"1670","SEMA6A","PLXNA2"
"1671","SEMA6A","PLXNA4"
"1672","SEMA6D","KDR"
"1673","SEMA6D","PLXNA1"
"1674","SEMA6D","TREM2"
"1675","SEMA6D","TYROBP"
"1676","SEMA7A","ITGA1"
"1677","SEMA7A","ITGB1"
"1678","SEMA7A","PLXNC1"
"1679","SERPINA1","LRP1"
"1680","SERPINA7","SLC16A2"
"1681","SERPINC1","LRP1"
"1682","SERPINC1","SDC2"
"1683","SERPINE1","LRP1"
"1684","SERPINE1","LRP2"
"1685","SERPINE2","LRP1"
"1686","SERPING1","LRP1"
"1687","SERPING1","SELE"
"1688","SERPING1","SELP"
"1689","SFRP1","FZD2"
"1690","SFRP1","FZD6"
"1691","SFTPA1","TLR2"
"1692","SFTPA2","CD93"
"1693","SHANK1","ABCA1"
"1694","SHANK1","BAI2"
"1695","SHANK1","LPHN1"
"1696","SHANK1","LPHN2"
"1697","SHANK1","SSTR2"
"1698","SHBG","CD177"
"1699","SHBG","CLDN4"
"1700","SHBG","SLC37A1"
"1701","SHH","BOC"
"1702","SHH","CDON"
"1703","SHH","GPC5"
"1704","SHH","HHIP"
"1705","SHH","LRP2"
"1706","SHH","PTCH1"
"1707","SHH","PTCH2"
"1708","SHH","SMO"
"1709","SLIT1","GPC1"
"1710","SLIT1","ROBO1"
"1711","SLIT1","SDC1"
"1712","SLIT2","GPC1"
"1713","SLIT2","ROBO1"
"1714","SLIT2","ROBO2"
"1715","SLIT2","ROBO4"
"1716","SLIT2","SDC1"
"1717","SLIT3","ROBO2"
"1718","SORBS1","INSR"
"1719","SOST","LRP5"
"1720","SOST","LRP6"
"1721","SPINK1","EGFR"
"1722","SPINK1","NRSN1"
"1723","SPINT1","ST14"
"1724","SPP1","CD44"
"1725","SPP1","ITGA4"
"1726","SPP1","ITGA5"
"1727","SPP1","ITGA9"
"1728","SPP1","ITGAV"
"1729","SPP1","ITGB1"
"1730","SPP1","S1PR1"
"1731","SST","SSTR1"
"1732","SST","SSTR2"
"1733","SST","SSTR3"
"1734","SST","SSTR4"
"1735","SST","SSTR5"
"1736","SYTL3","NRXN1"
"1737","TAC1","TACR1"
"1738","TAC1","TACR2"
"1739","TAC1","TACR3"
"1740","TAC3","TACR1"
"1741","TAC3","TACR2"
"1742","TAC3","TACR3"
"1743","TAC4","TACR1"
"1744","TAC4","TACR2"
"1745","TAC4","TACR3"
"1746","TCTN1","TMEM67"
"1747","TDGF1","ACVR1B"
"1748","TDGF1","ACVR1C"
"1749","TDGF1","ACVR2A"
"1750","TFPI","LRP1"
"1751","TFPI","VLDLR"
"1752","TF","TFR2"
"1753","TF","TFRC"
"1754","TGFA","EGFR"
"1755","TGFA","ERBB2"
"1756","TGFA","ERBB4"
"1757","TGFB1","ACVRL1"
"1758","TGFB1","ENG"
"1759","TGFB1","ITGAV"
"1760","TGFB1","ITGB6"
"1761","TGFB1","ITGB8"
"1762","TGFB1","SDC2"
"1763","TGFB1","TGFBR1"
"1764","TGFB1","TGFBR2"
"1765","TGFB1","TGFBR3"
"1766","TGFB2","ENG"
"1767","TGFB2","TGFBR1"
"1768","TGFB2","TGFBR2"
"1769","TGFB2","TGFBR3"
"1770","TGFB3","ACVRL1"
"1771","TGFB3","ENG"
"1772","TGFB3","TGFBR1"
"1773","TGFB3","TGFBR2"
"1774","TGFB3","TGFBR3"
"1775","TGM2","GPR56"
"1776","TGM2","ITGB1"
"1777","TGM2","ITGB3"
"1778","TGM2","SDC4"
"1779","TG","ASGR1"
"1780","TG","LRP2"
"1781","THBS1","CD36"
"1782","THBS1","CD47"
"1783","THBS1","ITGA2B"
"1784","THBS1","ITGA3"
"1785","THBS1","ITGA4"
"1786","THBS1","ITGA6"
"1787","THBS1","ITGB1"
"1788","THBS1","ITGB3"
"1789","THBS1","LRP1"
"1790","THBS1","LRP5"
"1791","THBS1","SDC1"
"1792","THBS1","TNFRSF11B"
"1793","THBS2","CD47"
"1794","THBS2","ITGA4"
"1795","THBS2","ITGA6"
"1796","THBS2","ITGB1"
"1797","THBS2","NOTCH3"
"1798","THPO","MPL"
"1799","TIMP1","CD63"
"1800","TIMP2","ITGA3"
"1801","TIMP2","ITGB1"
"1802","TIMP3","AGTR2"
"1803","TIMP3","KDR"
"1804","TNC","CNTN1"
"1805","TNC","EGFR"
"1806","TNC","ITGA5"
"1807","TNC","ITGA7"
"1808","TNC","ITGB1"
"1809","TNC","PTPRB"
"1810","TNFSF10","TNFRSF11B"
"1811","TNFSF11","TNFRSF11A"
"1812","TNFSF11","TNFRSF11B"
"1813","TNFSF12","TNFRSF12A"
"1814","TNFSF12","TNFRSF25"
"1815","TNFSF13B","TNFRSF13B"
"1816","TNFSF13B","TNFRSF13C"
"1817","TNFSF13B","TNFRSF17"
"1818","TNFSF13","FAS"
"1819","TNFSF13","SDC2"
"1820","TNFSF13","TNFRSF11B"
"1821","TNFSF13","TNFRSF13B"
"1822","TNFSF13","TNFRSF14"
"1823","TNFSF13","TNFRSF17"
"1824","TNFSF13","TNFRSF1A"
"1825","TNFSF14","TNFRSF6B"
"1826","TNFSF15","TNFRSF6B"
"1827","TNFSF4","TRAF2"
"1828","TNFSF9","TRAF2"
"1829","TNF","TNFRSF1A"
"1830","TNF","TNFRSF21"
"1831","TNF","TRAF2"
"1832","TRH","TRHR"
"1833","TSHB","TSHR"
"1834","TSLP","IL7R"
"1835","UCN2","CRHR1"
"1836","UCN2","CRHR2"
"1837","UCN2","IL10RB"
"1838","UCN3","CRHR1"
"1839","UCN3","CRHR2"
"1840","UCN3","IL10RB"
"1841","UCN","CRHR1"
"1842","UCN","CRHR2"
"1843","ULBP2","KLRK1"
"1844","UTS2B","UTS2R"
"1845","UTS2","UTS2R"
"1846","VASP","CXCR2"
"1847","VCAM1","ITGA4"
"1848","VCAM1","ITGAD"
"1849","VCAM1","ITGB1"
"1850","VCAM1","ITGB2"
"1851","VCAM1","ITGB7"
"1852","VCAN","CD44"
"1853","VCAN","EGFR"
"1854","VCAN","ITGA4"
"1855","VCAN","ITGB1"
"1856","VCAN","SELP"
"1857","VCAN","TLR2"
"1858","VEGFA","EPHB2"
"1859","VEGFA","FLT1"
"1860","VEGFA","GPC1"
"1861","VEGFA","KDR"
"1862","VEGFA","NRP1"
"1863","VEGFA","NRP2"
"1864","VEGFB","FLT1"
"1865","VEGFB","NRP1"
"1866","VEGFC","FLT4"
"1867","VEGFC","KDR"
"1868","VEGFC","NRP2"
"1869","VEGFC","VIPR2"
"1870","VIM","CD44"
"1871","VIP","ADCYAP1R1"
"1872","VIP","SCTR"
"1873","VIP","VIPR1"
"1874","VIP","VIPR2"
"1875","VTN","ITGA5"
"1876","VTN","ITGA8"
"1877","VTN","ITGAV"
"1878","VTN","ITGB3"
"1879","VTN","ITGB6"
"1880","VTN","ITGB8"
"1881","VTN","PLAUR"
"1882","VTN","PVR"
"1883","VTN","TNFRSF11B"
"1884","VWF","GP1BA"
"1885","VWF","ITGA2B"
"1886","VWF","TNFRSF11B"
"1887","WNT11","FZD7"
"1888","WNT1","FZD3"
"1889","WNT1","FZD8"
"1890","WNT1","FZD9"
"1891","WNT1","LRP5"
"1892","WNT1","LRP6"
"1893","WNT1","RYK"
"1894","WNT2","FZD1"
"1895","WNT2","FZD5"
"1896","WNT2","FZD7"
"1897","WNT2","FZD8"
"1898","WNT2","FZD9"
"1899","WNT3A","APCDD1"
"1900","WNT3A","FZD1"
"1901","WNT3A","FZD2"
"1902","WNT3A","FZD5"
"1903","WNT3A","FZD6"
"1904","WNT3A","FZD7"
"1905","WNT3A","FZD8"
"1906","WNT3A","LRP1"
"1907","WNT3A","LRP6"
"1908","WNT3A","RYK"
"1909","WNT3","FZD1"
"1910","WNT3","FZD7"
"1911","WNT3","FZD8"
"1912","WNT3","LRP6"
"1913","WNT3","RYK"
"1914","WNT4","FZD2"
"1915","WNT4","FZD6"
"1916","WNT5A","FZD1"
"1917","WNT5A","FZD2"
"1918","WNT5A","FZD4"
"1919","WNT5A","FZD5"
"1920","WNT5A","FZD6"
"1921","WNT5A","FZD7"
"1922","WNT5A","FZD8"
"1923","WNT5A","LRP5"
"1924","WNT5A","MCAM"
"1925","WNT5A","ROR1"
"1926","WNT5A","ROR2"
"1927","WNT5A","RYK"
"1928","WNT7A","FZD10"
"1929","WNT7A","FZD5"
"1930","WNT7A","FZD9"
"1931","WNT7B","FZD1"
"1932","WNT7B","FZD10"
"1933","WNT7B","LRP5"
"1934","XCL1","XCR1"
"1935","XCL2","XCR1"
"1936","YARS","CXCR1"
"1937","ZG16B","CXCR4"
"1938","ZG16B","TLR2"
"1939","ZG16B","TLR4"
"1940","ZG16B","TLR5"
"1941","ZG16B","TLR6"
"1942","ZP3","MERTK"
