SEMA3F,PLXNA3
SEMA3F,PLXNA1
SEMA3F,NRP1
SEMA3F,NRP2
CX3CL1,CX3CR1
HEBP1,ADRA2A
HEBP1,MTNR1A
HEBP1,FPR3
HEBP1,GRM7
DCN,EGFR
DCN,MET
DCN,ERBB4
GRN,TNFRSF1A
GRN,SORT1
GRN,TNFRSF1B
GRN,CLEC4M
GRN,EGFR
UTS2,UTS2R
ICAM3,ITGAL
ICAM3,CLEC4M
ICAM3,ITGB2
ICAM3,CD209
ICAM3,ITGAD
CEACAM1,CD209
CEACAM1,SELE
CEACAM1,EGFR
PRLH,PRLHR
FGF4,FGFR2
FGF4,FGFR4
FGF4,FGFR1
FGF4,FGFR3
FGF4,NRP1
ST6GAL1,EGFR
ST6GAL1,CD22
NTN1,UNC5D
NTN1,UNC5B
NTN1,DCC
NTN1,UNC5A
NTN1,ADORA2B
NTN1,UNC5C
NTN1,NEO1
SCT,PTH1R
SCT,ADCYAP1R1
SCT,RAMP2
SCT,VIPR1
SCT,RAMP3
SCT,GPR20
SCT,ADRB2
SCT,VIPR2
SCT,ADRB3
SCT,TSHR
SCT,GPR84
SCT,SCTR
FGF20,FGFR3
FGF20,FGFR1
FGF20,FGFR4
FGF20,FGFR2
CEACAM6,EGFR
THPO,MPL
EFNB1,EPHB6
EFNB1,EPHB4
EFNB1,ERBB2
EFNB1,EPHB1
EFNB1,EPHB3
EFNB1,EPHB2
EFNB1,EPHA4
EFNB1,EPHA6
DLL3,NOTCH1
DLL3,NOTCH4
DLL3,NOTCH2
DLL3,NOTCH3
SEMA4G,PLXNB2
VCL,ITGB5
VCL,ALK
EFNA2,EPHA7
EFNA2,EPHA10
EFNA2,EPHA3
EFNA2,EPHA1
EFNA2,EPHA6
EFNA2,EPHA4
EFNA2,EPHA5
EFNA2,EPHA2
EFNA2,EPHA8
FGF22,FGFR2
FGF22,FGFR1
MADCAM1,ITGA4
MADCAM1,CD44
MADCAM1,ITGB7
MIF,CXCR4
MIF,CXCR2
MIF,CD44
MIF,EGFR
MIF,CD74
OSM,LIFR
OSM,IL6ST
OSM,OSMR
TCN2,LRP2
TCN2,CNR1
LGALS1,ITGB1
LGALS1,PTPRC
NID2,COL13A1
GZMB,IGF2R
GZMB,CHRM3
RSPO4,LGR6
RSPO4,LGR4
RSPO4,LGR5
OXT,AVPR2
OXT,AVPR1B
OXT,AVPR1A
OXT,OXTR
F9,LRP1
PCSK1N,GPR171
TIMP1,CD63
TIMP1,FGFR2
MMP2,FGFR1
MMP2,PECAM1
MMP2,CCR2
MMP2,SDC2
CCL22,CCR4
CCL22,DPP4
CCL22,ACKR2
CCL17,ACKR2
CCL17,ACKR1
CCL17,CCR4
CCL17,CCR8
TG,TPO
TG,ASGR1
TG,LRP2
SFRP1,FZD2
SFRP1,FZD6
PLAT,ITGAM
PLAT,LRP1
PLAT,ITGB2
DKK4,LRP6
DKK4,LRP5
LHB,LHCGR
LHB,RAMP3
LHB,RAMP2
LHB,VIPR1
LHB,ADCYAP1R1
LHB,PTH1R
LHB,GPR84
LHB,ADRB3
LHB,TSHR
LHB,ADRB2
LHB,GPR20
AMH,EGFR
AMH,ACVR1
AMH,AMHR2
RETN,GPR25
EBI3,IL27RA
EBI3,IL6ST
TGFB1,CXCR4
TGFB1,ITGB1
TGFB1,ITGB5
TGFB1,EGFR
TGFB1,ENG
TGFB1,SMAD3
TGFB1,TGFBR2
TGFB1,ITGB3
TGFB1,TGFBR1
TGFB1,ITGB6
TGFB1,ACVRL1
TGFB1,ITGAV
TGFB1,CAV1
TGFB1,ITGB8
TGFB1,SDC2
TGFB1,TGFBR3
ICAM5,ITGAL
ICAM5,ITGB2
CEACAM5,CD1D
COMP,CD36
COMP,ITGB3
COMP,ITGB1
HGF,ITGB1
HGF,CD44
HGF,MET
HGF,NRP1
HGF,SDC2
HGF,SDC1
HGF,ST14
LAMB1,ITGA7
LAMB1,ITGA6
LAMB1,ITGA1
LAMB1,ITGA2
LAMB1,ITGAV
LAMB1,ITGB1
LAMB1,ITGB4
LAMB1,ITGA3
WNT16,FZD6
NAMPT,ADORA2A
PON2,HTR2A
NPVF,NPFFR1
NPVF,NPFFR2
PDAP1,PDGFRB
SERPINE1,PLAUR
SERPINE1,ITGAV
SERPINE1,LRP1
SERPINE1,LRP2
SERPINE1,ITGB5
C5,ADRA2A
C5,GRM7
C5,MTNR1A
C5,C5AR2
C5,C5AR1
TNFSF8,TNFRSF8
RLN1,RXFP2
RLN1,RXFP1
CSF3,CSF1R
CSF3,CSF3R
WNT3,RYK
WNT3,ROR2
WNT3,FZD1
WNT3,FZD7
WNT3,FZD8
WNT3,FZD5
WNT3,LRP6
CCL2,CCR4
CCL2,ACKR1
CCL2,ACKR2
CCL2,CCR1
CCL2,CCR5
CCL2,CCR10
CCL2,CCR3
CCL2,ACKR4
CCL2,CCR2
CCL1,CCR8
CCL13,ACKR2
CCL13,ACKR1
CCL13,ACKR4
CCL13,CXCR3
CCL13,CCR9
CCL13,CCR3
CCL13,CCR5
CCL13,CCR1
CCL13,CCR2
COL1A1,ITGB1
COL1A1,CD44
COL1A1,ITGA5
COL1A1,CD93
COL1A1,FLT4
COL1A1,DDR2
COL1A1,ITGA11
COL1A1,TMPRSS6
COL1A1,ITGA2
COL1A1,ITGA1
COL1A1,ITGAV
COL1A1,CD36
COL1A1,DDR1
EFNB3,RHBDL2
EFNB3,EPHA4
EFNB3,EPHB2
EFNB3,EPHB1
EFNB3,EPHB3
EFNB3,EPHB4
EFNB3,EPHB6
VTN,ITGB5
VTN,ITGB1
VTN,ITGA8
VTN,CD47
VTN,KDR
VTN,ITGA2B
VTN,TNFRSF11B
VTN,PVR
VTN,ITGB8
VTN,ITGAV
VTN,ITGB6
VTN,ITGB3
VTN,PLAUR
VTN,ITGA5
VTN,ITGA3
IBSP,ITGB3
IBSP,ITGAV
CXCL6,ACKR1
CXCL6,CXCR1
CXCL6,CXCR2
CXCL6,MTNR1A
CXCL6,GRM7
CXCL6,ADRA2A
IL2,IL2RA
IL2,IL2RG
IL2,CD53
IL2,IL2RB
IL2,NGFR
APOC3,LDLR
APOC3,TLR2
APOC3,SDC2
APOC3,LRP2
APOC3,LRP1
KITLG,KIT
KITLG,EPOR
CLEC2B,KLRF1
SELPLG,ESAM
SELPLG,SELL
SELPLG,SELP
SELPLG,ITGAM
SELPLG,ITGB2
SELPLG,SELE
IL23A,IL12RB1
IL23A,IL12RB2
IL23A,IL23R
FGF6,SDC4
FGF6,FGFR2
FGF6,FGFR1
FGF6,FGFR4
FGF6,FGFR3
IL26,IL10RB
IL26,IL20RA
IFNG,IFNGR2
IFNG,IFNGR1
GNB3,GABBR2
GNB3,TGFBR1
ULBP1,KLRK1
LAMA4,ITGAV
LAMA4,ITGA6
LAMA4,ITGB1
LAMA4,ITGA3
HBEGF,CD82
HBEGF,CD44
HBEGF,ERBB2
HBEGF,EGFR
HBEGF,ERBB4
HBEGF,CD9
HBEGF,PRLR
IL12B,IL12RB2
IL12B,IL23R
IL12B,IL12RB1
IL4,CD53
IL4,IL2RG
IL4,IL13RA2
IL4,IL13RA1
IL4,IL4R
IL5,CSF2RB
IL5,IL5RA
SEMA3G,NRP2
LTF,LRP1
LTF,TFRC
HRG,FCGR1A
HRG,ERBB3
HRG,ERBB2
TFPI,LRP1
TFPI,F3
TFPI,VLDLR
TFPI,SDC4
APOB,LDLR
APOB,VLDLR
APOB,OLR1
APOB,CALCR
APOB,MTTP
APOB,LSR
APOB,TLR6
APOB,LRP8
APOB,TLR4
APOB,ITGAM
APOB,LRP6
APOB,LRP1
APOB,LRP2
APOB,ADRB2
APOB,ITGB2
WNT6,FZD4
PROC,THBD
PROC,ITGAM
PROC,ITGB2
PROC,PROCR
ANGPTL1,TEK
CD160,TNFRSF14
APOA1,ABCA1
APOA1,LDLR
APOA1,LRP2
APOA1,LRP1
FGF23,FGFR2
FGF23,FGFR3
FGF23,FGFR4
FGF23,FGFR1
FGF23,PHEX
FGF23,KL
TGFB3,TGFBR1
TGFB3,ITGB6
TGFB3,ACVRL1
TGFB3,ITGB3
TGFB3,TGFBR2
TGFB3,ENG
TGFB3,ITGB1
TGFB3,ITGB5
TGFB3,TGFBR3
IFNA7,IFNAR2
IFNA7,IFNAR1
IAPP,RAMP1
IAPP,CALCR
IAPP,ADRB2
IAPP,GPR20
IAPP,GPR84
IAPP,ADRB3
IAPP,TSHR
IAPP,PTH1R
IAPP,ADCYAP1R1
IAPP,VIPR1
IAPP,RAMP2
IAPP,RAMP3
TNFSF10,TNFRSF11B
TNFSF10,TNFRSF10B
TNFSF10,TNFRSF10C
TNFSF10,TNFRSF10D
TNFSF10,RIPK1
TNFSF10,TNFRSF10A
GSTM2,RYR2
INHBA,BAMBI
INHBA,ACVR1B
INHBA,ACVR2B
INHBA,ENG
INHBA,SMAD3
INHBA,ACVR1
INHBA,TGFBR3
INHBA,ACVR2A
INHA,ACVR2A
INHA,TGFBR3
INHA,ACVR1
INHA,ACVR2B
PI3,PLD2
IL17C,IL17RE
LYPD3,AGR2
EREG,ERBB3
EREG,ERBB4
EREG,EGFR
EREG,ERBB2
EFNB2,EPHB3
EFNB2,EPHB1
EFNB2,EPHB2
EFNB2,EPHA4
EFNB2,EPHA6
EFNB2,EPHA3
EFNB2,EPHB6
EFNB2,EPHB4
EFNB2,PECAM1
EFNB2,RHBDL2
EFNB2,GRM5
EFNB2,GRM1
BMP4,BMPR2
BMP4,BMPR1A
BMP4,HJV
BMP4,BMPR1B
BMP4,LRP6
PSPN,GFRA3
PSPN,RET
PSPN,SDC3
PSPN,GFRA2
PSPN,GFRA4
PSPN,GFRA1
TNFSF9,TNFRSF9
TNFSF9,TRAF2
TNFSF9,PVR
CD70,TNFRSF13B
CD70,CD27
CD70,TNFRSF17
C3,CD19
C3,CD46
C3,CR2
C3,ITGAX
C3,IFITM1
C3,CR1
C3,C3AR1
C3,CD81
C3,ITGAM
C3,C5AR2
C3,LRP1
C3,GRM7
C3,MTNR1A
C3,ADRA2A
C3,ITGB2
VASP,CXCR2
SLURP1,CHRNA7
GDF1,ACVR2B
GDF1,ACVR1B
GDF1,SMAD3
GDF1,ACVR2A
OMG,NGFR
OMG,RTN4R
OMG,RTN4RL1
OMG,LINGO1
LIF,LIFR
LIF,IL6ST
DLL4,NOTCH3
DLL4,NOTCH2
DLL4,NOTCH4
DLL4,NOTCH1
TPH1,HTR7
TPH1,HTR1A
TPH1,HTR1F
TPH1,HTR1D
TPH1,HTR2C
TPH1,HTR1B
TPH1,HTR2B
TPH1,HTR5A
TPH1,HTR1E
TPH1,HTR4
TPH1,HTR6
TPH1,HTR2A
AANAT,MTNR1B
AANAT,MTNR1A
LMAN1,MCFD2
APOE,CHRNA4
APOE,TREM2
APOE,SORL1
APOE,SCARB1
APOE,LRP4
APOE,LDLR
APOE,VLDLR
APOE,LSR
APOE,LRP8
APOE,ABCA1
APOE,LRP6
APOE,LRP5
APOE,SDC2
APOE,LRP2
APOE,LRP1
APOC2,LDLR
NCAN,CDH2
NCAN,SDC3
BST2,LILRA4
BMP15,BMPR1A
BMP15,BMPR1B
BMP15,BMPR2
BMP15,ACVR2A
EPO,EPOR
EPO,EPHB4
GDF15,GFRAL
GDF15,RET
LAMA5,BCAM
LAMA5,ITGA2
LAMA5,SDC1
LAMA5,ITGA6
LAMA5,ITGB1
LAMA5,ITGB4
LAMA5,ITGA3
F12,CD93
F12,GP1BA
JAG1,CD46
JAG1,NOTCH1
JAG1,NOTCH4
JAG1,NOTCH2
JAG1,NOTCH3
CRP,CR1
CRP,OLR1
NTS,NTSR1
NTS,NTSR2
NTS,SORT1
NTS,NGFR
TSHB,RAMP3
TSHB,GPR20
TSHB,RAMP2
TSHB,VIPR1
TSHB,PTH1R
TSHB,ADCYAP1R1
TSHB,GPR84
TSHB,TSHR
TSHB,ADRB3
TSHB,ADRB2
FST,BMPR2
FST,BMPR1B
FST,HJV
GRP,GRPR
GRP,BRS3
GRP,NMBR
SPX,GALR2
DSC1,DSG2
DSC1,DSG3
DSC1,DSG1
SEMA6A,PLXNA4
SEMA6A,PLXNA2
LACRT,SDC1
GDF11,BMPR1A
GDF11,BMPR1B
GDF11,BMPR2
GDF11,ACVR1B
GDF11,ACVR2B
GDF11,ACVR2A
LAMC1,ITGB4
LAMC1,ITGA3
LAMC1,ITGA6
LAMC1,ITGA7
LAMC1,ITGA1
LAMC1,ITGA2
LAMC1,ITGAV
LAMC1,ITGB1
IL36G,IL36RN
IL36G,IL1RL2
IL1RN,IL1RL2
IL1RN,IL1R1
IL1RN,IL1R2
IL36A,IL1RL2
IL36A,IL36RN
IL36B,IL36RN
IL36B,IL1RL2
CFC1,ACVR1B
CFC1,SMAD3
CFC1,ACVR2A
ORM1,CCR5
CCN3,NOTCH1
CCN3,PLXNA1
CCL21,ADRA2A
CCL21,MTNR1A
CCL21,GRM7
CCL21,CXCR3
CCL21,ACKR4
CCL21,ACKR2
CCL21,CCR7
CCL27,ACKR2
CCL27,CCR10
CCL27,GRM7
CCL27,MTNR1A
CCL27,ADRA2A
TGS1,RXRA
MMP7,CD151
MMP7,SDC1
MMP7,ERBB4
MMP7,CD44
THBS1,ITGA4
THBS1,ITGB1
THBS1,LRP1
THBS1,SDC1
THBS1,ITGA6
THBS1,LRP5
THBS1,ITGB3
THBS1,CD36
THBS1,SCARB1
THBS1,SDC4
THBS1,ITGA2B
THBS1,TNFRSF11B
THBS1,CD47
THBS1,ITGA3
ADAM10,TSPAN17
ADAM10,AXL
ADAM10,NRCAM
ADAM10,TSPAN12
ADAM10,TREM2
ADAM10,GPNMB
ADAM10,TSPAN5
ADAM10,TSPAN15
ADAM10,TSPAN10
ADAM10,CADM1
ADAM10,TSPAN14
ADAM10,IL6R
ADAM10,CD44
ADAM10,NOTCH1
ADAM10,NOTCH2
ADAM10,EPHA3
ADAM10,MET
MSTN,ACVR2B
COL8A1,ITGA1
COL8A1,ITGA2
LYZ,ITGAL
VWF,LRP1
VWF,ITGB3
VWF,GP1BA
VWF,ITGA2B
VWF,TNFRSF11B
VWF,SELP
VWF,SCARA5
VWF,STAB2
VWF,SIRPA
CDH1,IGF1R
CDH1,KLRG1
CDH1,ITGAE
CDH1,PTPRM
CDH1,PTPRF
CDH1,ERBB3
CDH1,CDH2
CDH1,LRP5
CDH1,ITGB7
CDH1,EGFR
IL17B,IL17RB
SEMA7A,PLXNC1
SEMA7A,ITGB1
SEMA7A,ITGA1
RIMS2,ABCA1
ANOS1,SDC2
ANOS1,FGFR1
TIMP2,ITGB1
TIMP2,CD44
TIMP2,ITGA3
LGALS3BP,CD33
LGALS3BP,ITGB1
IL37,IL1RAPL1
IL1A,IL1RAP
IL1A,IL1R1
IL1A,IL1R2
IL1B,IL1R2
IL1B,ADRB2
IL1B,IL1R1
IL1B,IL1RAP
IL1B,SIGIRR
MIA,CDH7
LCN1,LMBR1L
CNTN3,PTPRG
IL7,IL7R
IL7,IL2RG
CKLF,CCR4
CKLF,LRP6
FARP2,PLXNA4
FARP2,PLXNA2
FARP2,PLXNA1
FARP2,PLXNA3
LAMC2,ITGB1
LAMC2,CD151
LAMC2,ITGA2
LAMC2,ITGA6
LAMC2,COL17A1
LAMC2,ITGA3
LAMC2,ITGB4
NID1,ITGA3
NID1,PTPRF
NID1,ITGB3
NID1,ITGAV
NID1,ITGB1
NID1,COL13A1
NMU,ADRA2A
NMU,MTNR1A
NMU,GRM7
NMU,NMUR1
NMU,NMUR2
IL21,IL21R
IL21,IL2RG
FGF2,SDC4
FGF2,SDC3
FGF2,SDC2
FGF2,SDC1
FGF2,NRP1
FGF2,FGFR3
FGF2,FGFR1
FGF2,FGFR2
FGF2,FGFR4
FGF2,CD44
FGF2,GPC4
FGF2,FGFRL1
IL11,IL11RA
IL11,IL6ST
WNT5A,LRP2
WNT5A,ADRB2
WNT5A,EPHA7
WNT5A,RYK
WNT5A,ROR2
WNT5A,FZD5
WNT5A,FZD8
WNT5A,FZD1
WNT5A,FZD7
WNT5A,LRP6
WNT5A,FZD2
WNT5A,FZD6
WNT5A,LRP5
WNT5A,LDLR
WNT5A,FZD4
WNT5A,PTK7
WNT5A,ROR1
WNT5A,VANGL2
WNT5A,PTPRK
WNT5A,FZD9
WNT5A,FZD3
WNT5A,ANTXR1
WNT5A,MCAM
FGF10,FGFRL1
FGF10,FGFR2
FGF10,FGFR1
ICAM1,ITGB2
ICAM1,EGFR
ICAM1,ITGAL
ICAM1,IL2RA
ICAM1,IL2RG
ICAM1,ITGAX
ICAM1,CAV1
ICAM1,ITGAM
ICAM1,MUC1
ICAM1,SPN
OLFM2,ROBO2
F13A1,ITGA9
F13A1,ITGA4
F13A1,ITGB1
BST1,CAV1
KNG1,ITGAM
KNG1,SDC2
KNG1,CD93
KNG1,PLAUR
KNG1,GP1BA
KNG1,GRM7
KNG1,ADRA2A
KNG1,MTNR1A
KNG1,ITGB2
KNG1,BDKRB1
KNG1,RXFP4
KNG1,BDKRB2
VCAN,TLR1
VCAN,EGFR
VCAN,ITGB1
VCAN,ITGA4
VCAN,CD44
VCAN,SELL
VCAN,SELP
VCAN,TLR2
TNC,SDC4
TNC,ITGA8
TNC,SDC1
TNC,ITGA7
TNC,ITGA2
TNC,ITGA5
TNC,ITGAV
TNC,ITGB6
TNC,ITGB3
TNC,ITGB1
TNC,EGFR
TNC,PTPRB
TNC,CNTN1
TNC,ITGA9
EGF,FSHR
EGF,AXL
EGF,EGFR
EGF,ERBB4
EGF,NRP1
EGF,LRP2
EGF,ERBB2
EGF,ADRB2
EGF,CAV1
EGF,RHBDL2
EGF,LDLR
EGF,ERBB3
EGF,PLD2
SEMA3C,NRP1
SEMA3C,NRP2
SEMA3C,PLXND1
SEMA3A,NRP2
SEMA3A,PLXNA3
SEMA3A,PLXNA1
SEMA3A,NRP1
SEMA3A,PLXNA2
SEMA3A,PLXNA4
WNT2,FZD4
WNT2,FZD2
WNT2,LRP6
WNT2,FZD1
WNT2,FZD7
WNT2,FZD8
WNT2,FZD5
WNT2,FZD3
WNT2,FZD9
NPTX2,NPTXR
GAL,GPR151
GAL,GALR1
GAL,GALR3
GAL,GALR2
GAL,ADRA2A
GAL,MTNR1A
GAL,GRM7
ADAM2,ITGB7
ADAM2,ITGB1
ADAM2,CD9
ADAM2,ITGA6
ADAM2,ITGA9
ADAM28,ITGA4
SLIT1,GPC1
SLIT1,ROBO1
SLIT1,FLRT3
TIMP3,AGTR2
TIMP3,CD44
TIMP3,MET
TIMP3,KDR
INHBE,ACVR2B
INHBE,ACVR2A
LUM,ITGB1
DHH,PTCH1
DHH,HHIP
DHH,BOC
DHH,CDON
DHH,PTCH2
NPFF,NPFFR1
NPFF,NPFFR2
FGF7,NRP1
FGF7,FGFR2
FGF7,FGFR1
FGF7,FGFR4
FGF7,FGFR3
HDC,HRH1
HDC,HRH2
HDC,HRH3
HDC,HRH4
MFGE8,PDGFRB
MFGE8,ITGAV
MFGE8,ITGB3
IGFBP4,LRP6
IGFBP4,FZD8
PTH2,PTH1R
PTH2,ADCYAP1R1
PTH2,RAMP2
PTH2,VIPR1
PTH2,GPR20
PTH2,ADRB2
PTH2,RAMP3
PTH2,ADRB3
PTH2,TSHR
PTH2,GPR84
PTH2,PTH2R
PROK1,PROKR1
PROK1,PROKR2
CGN,F11R
CGN,OCLN
CGN,TGFBR2
CGN,TGFBR1
LEFTY1,ACVR2B
LEFTY1,ACVR1B
LEFTY1,ACVR2A
REN,ATP6AP2
GDF7,ACVR2A
GDF7,BMPR2
GDF7,BMPR1A
CALM2,GRM5
CALM2,SELL
CALM2,EGFR
CALM2,GRM7
CALM2,PDE1B
CALM2,KCNQ1
CALM2,TRPC5
CALM2,CACNA1C
CALM2,KCNQ3
CALM2,KCNQ5
CALM2,MYLK
CALM2,PDE1A
CALM2,INSR
CALM2,ADCY8
CALM2,PDE1C
CALM2,GP6
CALM2,PLPP6
CALM2,AQP6
CALM2,SCN10A
CALM2,MYLK2
CALM2,AQP1
CALM2,SCN4A
NXPH2,NRXN1
LRIG1,EGFR
LRIG1,MET
UCN2,IL10RB
UCN2,CRHR2
UCN2,CRHR1
SFRP2,FZD5
MEGF10,ABCA1
IL9,IL2RG
IL9,IL9R
FGF18,FGFR3
FGF18,FGFR1
FGF18,FGFR4
FGF18,FGFR2
CRH,RAMP2
CRH,VIPR1
CRH,PTH1R
CRH,ADCYAP1R1
CRH,GPR84
CRH,TSHR
CRH,ADRB3
CRH,RAMP3
CRH,GPR20
CRH,ADRB2
CRH,MC2R
CRH,CRHR2
CRH,CRHR1
RSPO2,ZNRF3
RSPO2,LGR6
RSPO2,LGR4
RSPO2,LGR5
IFNA1,IFNAR2
IFNA1,IFNAR1
IFNA1,CR2
LIN7C,HTR2C
LIN7C,ABCA1
LIN7C,KCNJ4
SERPING1,SELP
SERPING1,SELE
GPHA2,TSHR
GPHA2,EPHA6
CTF1,LIFR
CTF1,IL6ST
IL18,IL1RL2
IL18,CD48
IL18,IL18R1
IL18,IL18BP
IL18,IL1RAPL1
IL18,IL18RAP
QDPR,DYSF
PIGF,FLT1
TNFSF4,TNFRSF4
TNFSF4,TRAF2
PTH,LRP6
PTH,ADRB3
PTH,TSHR
PTH,GPR84
PTH,ADRB2
PTH,PTH1R
PTH,ADCYAP1R1
PTH,VIPR1
PTH,RAMP2
PTH,GPR20
PTH,RAMP3
PTH,PTH2R
BMP3,ACVR2B
BMP3,BMPR2
BMP3,BMPR1A
BMP3,BMPR1B
BMP6,BMPR1B
BMP6,BMPR1A
BMP6,HJV
BMP6,BMPR2
BMP6,ACVR1
BMP6,ACVR2A
SEMA3D,PLXND1
SEMA3D,NRP1
WNT3A,LGR5
WNT3A,LRP1
WNT3A,LRP5
WNT3A,LRP6
WNT3A,FZD6
WNT3A,FZD2
WNT3A,FZD8
WNT3A,FZD7
WNT3A,FZD5
WNT3A,FZD1
WNT3A,RYK
WNT3A,ATP6AP2
WNT3A,ROR1
WNT3A,FZD3
WNT3A,APCDD1
APP,FPR2
APP,LRP10
APP,PLD1
APP,RPSA
APP,TNFRSF21
APP,NCSTN
APP,AGER
APP,CD74
APP,PTGER2
APP,NGFR
APP,TSPAN12
APP,APLP1
APP,GPC1
APP,APLP2
APP,LRP6
APP,CAV1
APP,TSPAN15
APP,SORL1
APP,VLDLR
APP,LRP1
APP,NOTCH2
APP,ADRA2A
APP,MTNR1A
APP,GRM7
APP,DCC
WNT7A,LDLR
WNT7A,LRP6
WNT7A,FZD5
WNT7A,FZD10
WNT7A,RECK
WNT7A,FZD9
DKK2,KREMEN2
DKK2,LRP6
WIF1,RYK
ADAMTS3,CCBE1
CXCL13,CXCR5
CXCL13,OPRD1
CXCL13,CCR10
CXCL13,ACKR4
CXCL13,CXCR3
CXCL13,GRM7
CXCL13,MTNR1A
CXCL13,ADRA2A
GDF6,BMPR2
GDF6,BMPR1A
GDF6,BMPR1B
NODAL,ACVR1B
NODAL,ACVR2B
NODAL,SMAD3
NODAL,ACVR2A
NODAL,ACVR1C
SST,SSTR4
SST,SSTR1
SST,SSTR5
SST,SSTR2
SST,SSTR3
SST,ADRA2A
SST,MTNR1A
SST,GRM7
WNT4,NOTCH1
WNT4,FZD2
WNT4,FZD6
WNT4,FZD8
WNT4,FZD1
WNT4,SMO
ACE,AGTR2
ACE,BDKRB2
AGRP,MC4R
AGRP,MC5R
AGRP,MC3R
AGRP,SDC3
PIP,NPTN
PIP,AQP5
PIP,CD4
CALM3,ESR1
CALM3,AR
CALM3,SCN4A
CALM3,AQP1
CALM3,MYLK2
CALM3,AQP6
CALM3,GP6
CALM3,SCN10A
CALM3,ADCY8
CALM3,PDE1C
CALM3,PDE1A
CALM3,INSR
CALM3,KCNQ3
CALM3,KCNQ5
CALM3,MYLK
CALM3,CACNA1C
CALM3,TRPC5
CALM3,PDE1B
CALM3,KCNQ1
CALM3,RYR2
CALM3,GRM5
CALM3,SELL
CALM3,GRM7
CALM3,EGFR
TFF2,MUC6
TFF1,MUC5AC
TFF1,FCRL4
S100B,ALCAM
S100B,AGER
S100A1,AGER
S100A1,TRPM3
S100A1,RYR1
S100A1,TLR4
S100A1,RYR2
SCGB3A1,NOTCH3
SCGB3A1,MARCO
HCRT,HCRTR1
HCRT,HCRTR2
HCRT,NPFFR2
SHANK1,ABCA1
SHANK1,ADGRB2
SHANK1,ADGRL2
SHANK1,ADGRL1
SHANK1,SSTR2
WNT1,FZD9
WNT1,FZD3
WNT1,FZD1
WNT1,ROR2
WNT1,RYK
WNT1,FZD8
WNT1,FZD7
WNT1,FZD5
WNT1,LRP6
WNT1,LRP5
CXCL16,GRM7
CXCL16,MTNR1A
CXCL16,ADRA2A
CXCL16,CXCR6
TNFSF12,TNFRSF25
TNFSF12,TNFRSF12A
TNFSF12,TNFRSF8
FGF11,FGFR3
FGF11,FGFR1
FGF11,FGFR4
FGF11,FGFR2
NTN3,NEO1
NTN3,CDON
FGF19,KLB
FGF19,FGFR2
FGF19,FGFR4
FGF19,FGFR1
FGF19,FGFR3
DRAXIN,DCC
VCAM1,ITGAD
VCAM1,ITGB2
VCAM1,ITGB1
VCAM1,ITGB7
VCAM1,ITGA4
VCAM1,ITGA9
VCAM1,EZR
VCAM1,MSN
ARPC5,LRP2
ARPC5,ADRB2
ARPC5,LDLR
INHBB,ACVR2B
INHBB,ACVR1B
INHBB,SMAD3
INHBB,ACVR1
INHBB,ACVR1C
INHBB,ACVR2A
BMP10,ACVR2A
BMP10,ENG
BMP10,ACVRL1
BMP10,BMPR2
BMP10,BMPR1B
BMP10,BMPR1A
TGFA,ERBB3
TGFA,ERBB2
TGFA,EGFR
TGFA,ERBB4
COL6A3,ITGB1
COL6A3,ITGA1
COL6A3,ITGA2
PROK2,PROKR2
PROK2,PROKR1
IHH,PTCH2
IHH,CDON
IHH,HHIP
IHH,PTCH1
IHH,BOC
CXCL3,CXCR1
CXCL3,CXCR2
CXCL3,GRM7
CXCL3,ADRA2A
CXCL3,MTNR1A
CXCL5,MTNR1A
CXCL5,ADRA2A
CXCL5,GRM7
CXCL5,CXCR2
CXCL5,CXCR1
CXCL5,ACKR1
PPBP,ACKR1
PPBP,CXCR1
PPBP,CXCR2
PPBP,GRM7
PPBP,ADRA2A
PPBP,MTNR1A
PF4,MTNR1A
PF4,ADRA2A
PF4,GRM7
PF4,FGFR2
PF4,LRP1
PF4,LDLR
PF4,THBD
PF4,ACKR1
PF4,SDC2
PF4,CXCR3
PF4,PROCR
UCN,CRHR2
UCN,CRHR1
TDGF1,ACVR2A
TDGF1,ACVR1C
TDGF1,GPC1
TDGF1,SMAD3
TDGF1,ACVR2B
TDGF1,ACVR1B
LIPH,LPAR1
LIPH,LPAR4
LIPH,LPAR2
MELTF,TFRC
CAMP,EGFR
CAMP,FPR2
CAMP,IGF1R
CAMP,P2RX7
IL15,IL15RA
IL15,IL2RB
IL15,IL2RA
IL15,IL2RG
SCGB3A2,MARCO
SPINK1,NRSN1
SPINK1,EGFR
IL3,CSF2RB
IL3,IL3RA
CSF2,CSF2RA
CSF2,IL3RA
CSF2,ITGA9
CSF2,CSF2RB
CSF2,SDC2
CSF2,CSF1R
CSF2,CSF3R
CSF2,ITGB1
FABP5,RXRA
SHH,LRP2
SHH,GPC1
SHH,SMO
SHH,SCUBE2
SHH,GPC5
SHH,GAS1
SHH,PTCH1
SHH,HHIP
SHH,BOC
SHH,CDON
SHH,PTCH2
COL1A2,CD44
COL1A2,ITGB1
COL1A2,ITGA2B
COL1A2,ITGA2
COL1A2,ITGA1
COL1A2,CD93
COL1A2,ITGA11
COL1A2,FLT4
COL1A2,ITGB3
COL1A2,ITGAV
COL1A2,CD36
DEFB1,CCR6
COL14A1,CD44
VEGFD,ITGA4
VEGFD,ITGB1
VEGFD,NRP2
VEGFD,FLT4
VEGFD,ITGA5
VEGFD,ITGA1
VEGFD,ITGA2
VEGFD,KDR
VEGFD,FLT1
VEGFD,ITGA9
ARF6,PLD1
ARF6,SMAP1
JAM3,ITGB2
JAM3,ITGB1
HSP90B1,LRP1
HSP90B1,ERBB2
HSP90B1,TLR2
HSP90B1,TLR4
HSP90B1,ASGR1
HSP90B1,TLR9
HSP90B1,TLR7
HSP90B1,TLR1
COL6A2,ITGA1
COL6A2,ITGA2
COL6A2,ITGB1
ANGPTL4,GPIHBP1
ANGPTL4,TIE1
FADD,FAS
FADD,TRADD
FADD,ABCA1
FADD,TRAF2
PNOC,ADRA2A
PNOC,MTNR1A
PNOC,GRM7
PNOC,OPRL1
PRL,PRLR
CCL11,CXCR3
CCL11,ACKR4
CCL11,CCR3
CCL11,CCR5
CCL11,ACKR1
CCL11,DPP4
CCL11,ACKR2
CCL11,CCR2
NRTN,GFRA2
NRTN,GFRA1
NRTN,RET
NRTN,GFRA3
IGF1,IGF2R
IGF1,IGF1R
IGF1,INSR
INSL5,RXFP4
INSL5,RXFP3
INSL5,GRM7
INSL5,MTNR1A
INSL5,ADRA2A
IL16,CCR5
IL16,GRIN2B
IL16,KCNJ15
IL16,KCNA3
IL16,KCNJ10
IL16,KCND2
IL16,GRIN2A
IL16,CD4
IL16,KCNJ4
IL16,GRIN2D
IL16,GRIN2C
IL16,KCND1
HSPA4,TLR4
PCSK9,VLDLR
PCSK9,LDLR
PCSK9,SORT1
PCSK9,LRP1
PCSK9,APLP2
SEMA3E,PLXND1
SEMA3E,NRP1
IL12A,IL12RB1
IL12A,IL12RB2
IL12A,CD28
TRH,TRHR
DEFB4A,TLR4
CD14,TLR4
CD14,TLR6
CD14,RIPK1
CD14,ITGB2
CD14,ITGB1
CD14,ITGA4
CD14,TLR9
CD14,TLR1
COL3A1,MAG
COL3A1,ITGB1
COL3A1,DDR2
COL3A1,DDR1
COL3A1,ITGA2
IL13,IL2RG
IL13,IL13RA1
IL13,IL4R
IL13,IL13RA2
IL13,TMEM219
NLGN2,NRXN3
NLGN2,MDGA1
NLGN2,NRXN1
NLGN2,NRXN2
CXCL10,SDC4
CXCL10,CCR3
CXCL10,CXCR3
CXCL10,DPP4
CXCL10,ADRA2A
CXCL10,MTNR1A
CXCL10,GRM7
BMP1,BMPR1A
BMP1,BMPR1B
BMP1,BMPR2
FGB,ITGA2B
FGB,TLR4
FGB,ITGAM
FGB,ITGAV
FGB,ITGB3
FGB,ITGA5
FGB,ITGB2
FGB,ITGB1
FGA,ITGB1
FGA,ITGB2
FGA,ITGAD
FGA,ITGA5
FGA,PLAUR
FGA,ITGB3
FGA,ITGAV
FGA,ITGAM
FGA,TLR4
FGA,ITGA2B
FGA,ITGAX
FGA,CDH5
CXCL8,CD79A
CXCL8,SDC3
CXCL8,KDR
CXCL8,CXCR1
CXCL8,ACKR1
CXCL8,SDC2
CXCL8,SDC1
CXCL8,GRM7
CXCL8,MTNR1A
CXCL8,ADRA2A
CXCL8,CXCR2
SEMA4C,PLXNB2
CXCL11,ADRA2A
CXCL11,MTNR1A
CXCL11,GRM7
CXCL11,CXCR3
CXCL11,CCR3
CXCL11,ACKR1
CXCL11,DPP4
CXCL11,ACKR3
PRND,RPSA
HAS2,HMMR
HAS2,CD44
NPTX1,NPTXR
RGMB,NEO1
RGMB,BMPR2
RGMB,BMPR1B
RGMB,HJV
F2,GP1BA
F2,ITGA2B
F2,THBD
F2,GP1BB
F2,F2R
F2,F2RL2
F2,F2RL1
F2,F2RL3
F2,GP9
INHBC,ACVR2A
INHBC,ACVR1B
INHBC,ACVR2B
INHBC,ACVR1
CCL19,ACKR2
CCL19,CCR10
CCL19,CXCR3
CCL19,ACKR4
CCL19,GRM7
CCL19,MTNR1A
CCL19,ADRA2A
CCL19,CCR7
CCL19,CCRL2
PLG,F2R
PLG,FLT1
PLG,PLGRKT
PLG,F2RL1
PLG,ITGA9
PLG,ITGB2
PLG,ITGB1
PLG,IGF2R
PLG,PLAUR
PLG,ITGAM
PLG,F3
CLCF1,IL6ST
CLCF1,LIFR
CLCF1,CNTFR
CLCF1,CRLF1
CSHL1,GHR
LPL,GPIHBP1
LPL,LRP2
LPL,CD44
LPL,LRP1
LPL,VLDLR
LPL,SDC1
EFEMP2,PLSCR4
EFEMP2,AQP1
ADAM17,IL6R
ADAM17,MUC1
ADAM17,RHBDF2
ADAM17,ITGA5
ADAM17,ITGB1
ADAM17,NOTCH1
ADAM17,ERBB4
ADAM17,MET
VEGFB,NRP1
VEGFB,RET
VEGFB,FLT1
FGF5,FGFR2
FGF5,FGFR3
FGF5,FGFR4
FGF5,FGFR1
LEP,LRP2
LEP,LEPR
GH1,GHR
GH1,PRLR
GNAI2,CXCR1
GNAI2,MTNR1B
GNAI2,CXCR3
GNAI2,CCR5
GNAI2,C5AR1
GNAI2,LHCGR
GNAI2,CAV1
GNAI2,CNR1
GNAI2,CXCR2
GNAI2,TSHR
GNAI2,UNC5B
GNAI2,ADRA2A
GNAI2,MTNR1A
GNAI2,EGFR
GNAI2,LPAR3
GNAI2,S1PR5
GNAI2,EDNRA
GNAI2,ADORA1
GNAI2,ADRA2B
GNAI2,FPR1
GNAI2,S1PR3
GNAI2,OPRM1
GNAI2,PTPRU
GNAI2,TBXA2R
GNAI2,EDNRB
GNAI2,DRD2
GNAI2,ADCY7
GNAI2,F2R
GNAI2,ADCY8
GNAI2,IGF1R
GNAI2,AGTR2
GNAI2,ADCY9
GNAI2,S1PR4
GNAI2,OPRD1
GNAI2,S1PR1
GNAI2,CHRM1
GNAI2,P2RY12
GNAI2,ADCY1
ANGPT2,TIE1
ANGPT2,TEK
TLN1,ITGB3
TLN1,ITGB5
CSH1,PRLR
AGTRAP,RACK1
PKM,CD44
CALR,LRP1
CALR,TSHR
CALR,MPL
CALR,MTNR1A
CALR,ITGA2B
CALR,ITGAV
CALR,ITGA3
CALR,SCARF1
CALR,HLA-F
DEFB103A,CCR2
TAC1,TACR3
TAC1,TACR1
TAC1,TACR2
LPA,LPAR3
LPA,LPAR2
LPA,LPAR1
LPA,LPAR4
LPA,LRP2
LPA,ITGB2
LPA,ITGAM
FGF8,FGFR2
FGF8,FGFR3
FGF8,FGFR4
FGF8,FGFR1
FGF8,FGFRL1
FGF13,SCN5A
FGF13,SCN8A
FGF13,FGFR4
FGF13,FGFR1
FGF13,FGFR3
FGF13,FGFR2
FGF13,EGFR
MMP1,CD44
MMP1,ITGA2
PENK,GRM7
PENK,MTNR1A
PENK,ADRA2A
PENK,OPRM1
PENK,MRGPRX1
PENK,OGFR
PENK,OPRK1
PENK,OPRD1
LAMA3,ITGB4
LAMA3,ITGA3
LAMA3,ITGB1
LAMA3,SDC2
SEMA6D,KDR
SEMA6D,TREM2
SEMA6D,PLXNA1
SEMA6D,TYROBP
MTMR4,SMAD3
WNT11,FZD7
WNT11,MUSK
WNT11,KLRG2
FBN1,ITGA5
FBN1,ITGB3
FBN1,ITGB6
FBN1,ITGAV
FBN1,ITGB1
PSEN1,CD44
PSEN1,NOTCH3
PSEN1,NOTCH2
PSEN1,NOTCH4
PSEN1,NOTCH1
PSEN1,NCSTN
BGN,TLR1
BGN,LY96
BGN,TLR2
BGN,TLR4
BMP8A,BMPR2
BMP8A,BMPR1A
BMP8A,BMPR1B
CSF1,CSF1R
CSF1,SIRPA
IZUMO1,IZUMO1R
IZUMO1,CD9
P4HB,MTTP
JAG2,NOTCH1
JAG2,NOTCH4
JAG2,NOTCH2
JAG2,NOTCH3
EFNA5,EPHA7
EFNA5,EPHA10
EFNA5,EPHA1
EFNA5,EPHA3
EFNA5,EPHA5
EFNA5,EPHA6
EFNA5,EPHA4
EFNA5,EPHB2
EFNA5,EPHB1
EFNA5,EPHB6
EFNA5,EPHA2
EFNA5,EPHA8
NXPH3,NRXN2
NXPH3,NRXN3
NXPH3,NRXN1
SERPINA7,SLC16A2
NPW,NPBWR2
NPW,NPBWR1
NPW,ADRA2A
NPW,MTNR1A
NPW,GRM7
CTHRC1,FZD5
CTHRC1,FZD6
CTHRC1,FZD3
CNTN2,NRCAM
CNTN2,CNTN1
CNTN2,CNTNAP2
CNTN2,NRP1
BCAN,EGFR
BCAN,NRCAM
GAST,CCKBR
FBLN1,ITGB1
CALCA,TSHR
CALCA,ADRB3
CALCA,GPR20
CALCA,ADRB2
CALCA,GPR84
CALCA,PTH1R
CALCA,ADCYAP1R1
CALCA,RAMP2
CALCA,RAMP3
CALCA,VIPR1
CALCA,CALCR
CALCA,RAMP1
CALCA,CALCRL
COL4A5,CD47
COL4A5,ITGAV
COL4A5,CD93
COL4A5,ITGA2
COL4A5,ITGA1
COL4A5,ITGB1
SLIT3,ROBO2
SLIT3,ROBO1
PMCH,MCHR2
PMCH,MCHR1
PMCH,GRM7
PMCH,MTNR1A
PMCH,ADRA2A
COL7A1,ITGB1
COL7A1,ITGA2
NPB,ADRA2A
NPB,MTNR1A
NPB,GRM7
NPB,NPBWR2
NPB,NPBWR1
GH2,GHR
BTLA,VTCN1
BTLA,CD247
BTLA,CD79A
BTLA,TNFRSF14
TAC4,TACR3
TAC4,TACR1
TAC4,TACR2
FGF3,FGFR2
FGF3,FGFR3
FGF3,FGFR4
FGF3,FGFR1
GHRL,TBXA2R
GHRL,PTGER3
GHRL,GHRHR
GHRL,GPR39
GHRL,MLNR
GHRL,GHSR
GHRL,PTGIR
HSP90AA1,CFTR
HSP90AA1,FGFR3
HSP90AA1,EGFR
HSP90AA1,LRP1
HSP90AA1,ERBB2
HSP90AA1,ITGB3
FGG,ITGB3
FGG,ITGAV
FGG,ITGA5
FGG,TLR4
FGG,ITGA2B
FGG,ITGB1
FGG,ITGB2
CXCL14,CXCR4
EDN3,KEL
EDN3,EDNRB
EDN3,EDNRA
RTN4,TNFRSF19
RTN4,GJB2
RTN4,RTN4R
RTN4,CNTNAP1
RTN4,NGFR
RTN4,RTN4RL1
RTN4,LINGO1
C1QTNF1,AVPR2
DMP1,PHEX
DMP1,ITGB3
NTN4,DCC
NTN4,UNC5A
WNT7B,LRP5
WNT7B,FZD1
WNT7B,FZD4
WNT7B,FZD10
WNT7B,TMED5
PTN,PTPRZ1
PTN,PTPRS
PTN,PTPRB
PTN,SDC3
PTN,SDC1
PTN,ALK
NCR3LG1,NCR3
COL9A3,MAG
COL9A3,ITGB1
SLPI,PLSCR4
SLPI,CD4
ICAM4,RHAG
ICAM4,ITGB1
ICAM4,ITGA4
ICAM4,ITGAL
ICAM4,ITGB2
ICAM4,ITGAM
ICAM4,ITGB3
ICAM4,ITGAV
ICAM4,ITGA2B
TNFSF13,TNFRSF11B
TNFSF13,TNFRSF14
TNFSF13,TNFRSF13B
TNFSF13,SDC2
TNFSF13,TNFRSF1A
TNFSF13,TNFRSF17
TNFSF13,FAS
HMGB1,TLR9
HMGB1,CD163
HMGB1,AGER
HMGB1,CXCR4
HMGB1,SDC1
HMGB1,THBD
HMGB1,TLR4
HMGB1,TLR2
FYN,SPN
FYN,THY1
FN1,IL17RC
FN1,ITGA9
FN1,NT5E
FN1,CD79A
FN1,ROBO4
FN1,ITGA3
FN1,MAG
FN1,TNFRSF11B
FN1,ITGA8
FN1,ITGA2B
FN1,ITGA6
FN1,C5AR1
FN1,ITGA2
FN1,PLAUR
FN1,ITGA5
FN1,FLT4
FN1,TMPRSS6
FN1,DPP4
FN1,SDC2
FN1,ITGAV
FN1,ITGB6
FN1,ITGB8
FN1,ITGB3
FN1,CD44
FN1,ITGB7
FN1,ITGA4
FN1,ITGB1
FN1,COL13A1
FN1,TSHR
COL18A1,ITGB5
COL18A1,ITGB1
COL18A1,ITGB3
COL18A1,ITGA5
COL18A1,KDR
COL18A1,ITGA3
COL18A1,GPC4
COL18A1,GPC1
HP,CD22
HP,ASGR2
HP,CD163
HP,TLR4
HP,ITGAM
HP,ASGR1
HP,ITGB2
RSPO1,LGR6
RSPO1,LGR4
RSPO1,LGR5
RSPO1,LRP6
RSPO1,FZD8
RSPO1,ZNRF3
RSPO3,FZD8
RSPO3,LRP6
RSPO3,SDC4
RSPO3,LGR5
RSPO3,LGR4
RSPO3,LGR6
ADAM15,ITGB1
ADAM15,ITGB3
ADAM15,ITGAV
ADAM15,ITGA5
ADAM15,ITGA9
CALM1,TRPC5
CALM1,MIP
CALM1,KCNN4
CALM1,GLP2R
CALM1,CACNA1C
CALM1,KCNQ1
CALM1,SCTR
CALM1,PDE1B
CALM1,CNGA2
CALM1,CRHR1
CALM1,SCN4A
CALM1,ADCY8
CALM1,INSR
CALM1,MYLK
CALM1,PDE1A
CALM1,PDE1C
CALM1,GP6
CALM1,AQP6
CALM1,MYLK2
CALM1,SCN10A
CALM1,AQP1
CALM1,PTH2R
CALM1,KCNQ3
CALM1,KCNQ5
CALM1,GRM3
CALM1,GRM4
CALM1,TRPC3
CALM1,PTPRA
CALM1,GLP1R
CALM1,HMMR
CALM1,FAS
CALM1,OPRM1
CALM1,SELL
CALM1,CALCR
CALM1,HTR2C
CALM1,RYR2
CALM1,GRM5
CALM1,VIPR1
CALM1,ADCYAP1R1
CALM1,EGFR
CALM1,GRM7
COL9A1,ITGB1
COL9A1,MAG
GIP,GIPR
GIP,INSR
GIP,TSHR
GIP,GPR84
GIP,ADRB2
GIP,GPR20
GIP,ADRB3
GIP,ADCYAP1R1
GIP,RAMP2
GIP,PTH1R
GIP,VIPR1
GIP,RAMP3
GIP,DPP4
APOA4,LDLR
APOA4,LRP2
APOA4,LRP1
SEMA4F,NRP2
GAD1,GRM4
ITIH2,FCER1A
ALKAL1,ALK
NLGN3,NRXN3
NLGN3,NRXN1
NLGN3,NRXN2
CCL20,CCR6
CCL20,MTNR1A
CCL20,ADRA2A
CCL20,GRM7
CCL20,CXCR3
FGF17,FGFR2
FGF17,FGFR3
FGF17,FGFR4
FGF17,FGFR1
PYY,GRM7
PYY,MTNR1A
PYY,ADRA2A
PYY,DPP4
PYY,NPY5R
PYY,NPY1R
PYY,NPY4R
PYY,FAP
PYY,NPY2R
F8,ASGR2
F8,LDLR
F8,LRP1
COL4A2,ITGB5
COL4A2,ITGB3
COL4A2,CD93
LAMC3,ITGA2
LAMC3,ITGA6
LAMC3,ITGB1
LAMC3,ITGB4
LAMC3,ITGA3
CCL28,ADRA2A
CCL28,MTNR1A
CCL28,GRM7
CCL28,CCR10
CCL28,CCR3
CCL28,ACKR2
CXCL9,DPP4
CXCL9,CCR3
CXCL9,CXCR3
CXCL9,GRM7
CXCL9,MTNR1A
CXCL9,ADRA2A
CXCL9,FCGR2A
CXCL9,KIR2DL3
COL6A1,ITGB1
COL6A1,ITGA6
COL6A1,ITGA1
COL6A1,ITGA2
TGM2,ITGB3
TGM2,SDC4
TGM2,ITGB1
TGM2,ITGA4
TGM2,ITGA9
TGM2,ADGRG1
TGM2,TBXA2R
CNTF,CNTFR
CNTF,LIFR
CNTF,IL6ST
CNTF,EGFR
CNTF,IL6R
AGT,ADRA2A
AGT,MTNR1A
AGT,GRM7
AGT,LRP2
AGT,AGTR1
AGT,AGTR2
AGT,ENPEP
AGT,MAS1
DLL1,NOTCH3
DLL1,NOTCH2
DLL1,NOTCH1
DLL1,NOTCH4
THBS2,NOTCH4
THBS2,NOTCH3
THBS2,ITGA4
THBS2,ITGB1
THBS2,CD47
THBS2,ITGB3
THBS2,ITGA6
THBS2,CD36
LEFTY2,ACVR2B
LEFTY2,ACVR1B
LEFTY2,ACVR2A
TGFB2,TGFBR3
TGFB2,TGFBR2
TGFB2,ENG
TGFB2,ACVR1
TGFB2,TGFBR1
C4BPA,BMPR2
C4BPA,LRP1
C4BPA,CD40
VIP,SCTR
VIP,NPR3
VIP,AVPR1A
VIP,ADRB3
VIP,ADRB2
VIP,VIPR2
VIP,GPR84
VIP,TSHR
VIP,RAMP3
VIP,GPR20
VIP,RAMP2
VIP,VIPR1
VIP,PTH1R
VIP,ADCYAP1R1
VIP,RAMP1
VIP,DPP4
CFH,ITGAM
CFH,SELL
PTGS2,CAV1
PTGS2,PTGDR2
PTGS2,ALOX5
FASLG,TNFRSF6B
FASLG,FAS
FASLG,TNFRSF10B
FASLG,TNFRSF1A
XCL1,ADGRV1
XCL1,XCR1
CCN2,NTRK1
CCN2,ERBB4
CCN2,EGFR
CCN2,ITGB2
CCN2,LRP1
CCN2,ITGAM
CCN2,LRP6
CCN2,ITGA5
APOA2,LDLR
APOA2,LRP1
APOA2,LRP2
SEMA4A,PLXNB2
SEMA4A,NRP1
SEMA4A,PLXNB3
SEMA4A,PLXND1
SEMA4A,PLXNB1
EFNA1,EPHA8
EFNA1,EPHA7
EFNA1,EPHA5
EFNA1,EPHA1
EFNA1,EPHA10
EFNA1,EPHA3
EFNA1,EPHA4
EFNA1,EPHA6
EFNA1,EPHB1
EFNA1,EPHB6
EFNA1,EPHA2
EFNA3,EPHA2
EFNA3,EPHB6
EFNA3,EPHB1
EFNA3,EPHA4
EFNA3,EPHA6
EFNA3,EPHA3
EFNA3,EPHA10
EFNA3,EPHA1
EFNA3,EPHA5
EFNA3,EPHA7
EFNA3,EPHA8
ADAM12,ITGA9
ADAM12,ITGB1
ADAM12,SDC4
S100A8,TLR4
S100A8,CD36
S100A8,ITGB2
S100A8,CD69
S100A8,CD68
S100A8,AGER
S100A12,CD36
S100A12,TLR4
S100A9,TLR4
S100A9,CD36
S100A9,ITGB2
S100A9,AGER
S100A9,ALCAM
S100A9,CD68
NGF,NGFR
NGF,KIDINS220
NGF,NTRK1
NGF,SORCS2
NGF,TRPV1
NGF,MAGED1
NGF,BEX3
NGF,SORCS3
NGF,SORT1
WNT2B,FZD4
L1CAM,ERBB3
L1CAM,ITGAV
L1CAM,ITGA5
L1CAM,EGFR
L1CAM,FGFR2
L1CAM,EPHB2
L1CAM,ERBB2
L1CAM,CNTN1
COL11A1,ITGB1
COL11A1,ITGA2
COL11A1,DDR1
CD40LG,ITGAM
CD40LG,ITGB2
CD40LG,TRAF3
CD40LG,CD40
BMP5,BMPR2
BMP5,BMPR1A
BMP5,BMPR1B
BMP5,HJV
ITGB3BP,ITGB3
ITGB3BP,ITGB5
GNAS,TSHR
GNAS,ADRB3
GNAS,AVPR2
GNAS,VIPR1
GNAS,LHCGR
GNAS,HTR6
GNAS,GLP1R
GNAS,GCGR
GNAS,ADORA1
GNAS,ADCY7
GNAS,CRHR1
GNAS,ADCY8
GNAS,PTGIR
GNAS,ADCY9
GNAS,PTGDR
GNAS,ADCY1
ANGPTL3,ITGB3
ANGPTL3,ITGAV
ANGPTL3,ITGA5
RBP4,STRA6
COL5A1,ITGA1
COL5A1,SDC3
COL5A1,ITGB1
CEL,CXCR4
SFTPD,TLR4
SFTPD,SIRPA
SFTPD,LY96
MMP9,RECK
MMP9,TLR9
MMP9,IFNAR1
MMP9,ITGAM
MMP9,CD44
MMP9,LRP1
MMP9,EPHB2
MMP9,ITGB2
EDN2,KEL
EDN2,EDNRB
EDN2,EDNRA
SPTAN1,PTPRA
COL9A2,MAG
COL9A2,ITGB1
PLAU,ITGB1
PLAU,LRP2
PLAU,LRP1
PLAU,IGF2R
PLAU,ITGB5
PLAU,ITGB2
PLAU,ITGAM
PLAU,ITGAV
PLAU,ST14
PLAU,PLAUR
PLAU,ITGA5
PLAU,VLDLR
PLAU,ITGA3
PLAU,MRC2
BMP8B,BMPR1B
BMP8B,BMPR1A
BMP8B,BMPR2
BMP8B,PLAUR
ANGPTL2,LILRB2
ANGPTL2,TIE1
GHRH,GHRHR
GHRH,VIPR1
GHRH,RAMP2
GHRH,GPR20
GHRH,RAMP3
GHRH,ADCYAP1R1
GHRH,PTH1R
GHRH,ADRB3
GHRH,ADRB2
GHRH,TSHR
GHRH,GPR84
COL16A1,ITGB1
TNFSF15,TNFRSF6B
TNFSF15,TNFRSF25
GDF5,ACVR2A
GDF5,ROR2
GDF5,ACVR1
GDF5,BMPR1A
GDF5,BMPR2
GDF5,BMPR1B
GDF5,ACVR2B
EDA,EDAR
EDA,EDA2R
HSPG2,PTPRS
HSPG2,ITGA2
HSPG2,SDC1
HSPG2,ITGB1
HSPG2,LRP2
HSPG2,COL13A1
HSPG2,LRP1
HSPG2,FGFR1
COL5A2,ITGB1
COL5A2,ITGA1
COL5A2,DDR1
F10,F3
F10,ITGAM
F10,ITGB2
SYK,LAT
SYK,FCGR2A
COL4A1,ITGB1
COL4A1,ITGAV
COL4A1,ITGB8
COL4A1,ITGA1
COL4A1,ITGA2
COL4A1,CD93
COL4A1,CD47
FGF14,FGFR2
FGF14,FGFR1
FGF14,FGFR4
FGF14,FGFR3
HLA-C,NOTCH4
HLA-C,LILRA1
HLA-C,LILRB1
HLA-C,CD3D
HLA-C,KIR2DL3
HLA-C,KIR2DL1
HLA-C,CD3G
HLA-C,KIR3DL1
HLA-C,LILRB2
HLA-E,KLRC2
HLA-E,KIR3DL1
HLA-E,KLRD1
HLA-E,KLRC1
HLA-E,KLRK1
ANXA1,EGFR
ANXA1,FPR3
ANXA1,GRM7
ANXA1,ADRA2A
ANXA1,MTNR1A
ANXA1,FPR1
ANXA1,FPR2
ANXA1,DYSF
IL31,IL31RA
IL31,OSMR
CORT,MTNR1A
CORT,ADRA2A
CORT,GRM7
CORT,SSTR5
CORT,SSTR2
CORT,SSTR3
CORT,MRGPRX2
CORT,GHSR
CORT,SSTR1
CORT,SSTR4
ACTR2,LRP2
ACTR2,ADRB2
ACTR2,LDLR
NDP,FZD4
NDP,LGR4
CCL7,CCR2
CCL7,ACKR4
CCL7,CXCR3
CCL7,CCR3
CCL7,CCR10
CCL7,CCR5
CCL7,CCR1
CCL7,ACKR2
CCL7,ACKR1
GDF9,TGFBR1
GDF9,BMPR1B
GDF9,BMPR2
GDF9,BMPR1A
GDF9,ACVR2A
BMP2,ACVR2A
BMP2,SMO
BMP2,GPC1
BMP2,BMPR1A
BMP2,BMPR2
BMP2,BMPR1B
BMP2,HJV
BMP2,ACVR2B
BMP2,ACVR1
BMP2,ENG
AGRN,LRP4
AGRN,LRP1
AGRN,ITGB1
AGRN,LRP2
AGRN,ATP1A3
AGRN,MUSK
INSL3,ADRB3
INSL3,ADRB2
INSL3,GPR84
INSL3,TSHR
INSL3,PTH1R
INSL3,ADCYAP1R1
INSL3,RAMP3
INSL3,GPR20
INSL3,RAMP2
INSL3,VIPR1
INSL3,RXFP1
INSL3,RXFP2
AVP,LDLR
AVP,VIPR1
AVP,GPR20
AVP,RAMP3
AVP,ADCYAP1R1
AVP,RAMP2
AVP,PTH1R
AVP,GPR84
AVP,TSHR
AVP,ADRB2
AVP,ADRB3
AVP,LRP2
AVP,OXTR
AVP,AVPR1B
AVP,AVPR2
AVP,AVPR1A
UCN3,IL10RB
UCN3,CRHR1
UCN3,CRHR2
SHBG,CLDN4
SHBG,SLC37A1
SHBG,GPRC6A
COL2A1,ITGA10
COL2A1,TNFRSF10A
COL2A1,MAG
COL2A1,DDR1
COL2A1,ITGA2B
COL2A1,ITGA1
COL2A1,ITGA2
COL2A1,ITGB1
RLN2,ADRB3
RLN2,ADRB2
RLN2,TSHR
RLN2,GPR84
RLN2,PTH1R
RLN2,RAMP2
RLN2,ADCYAP1R1
RLN2,RAMP3
RLN2,GPR20
RLN2,VIPR1
RLN2,RXFP2
RLN2,RXFP1
RLN2,RXFP3
ZG16B,TLR5
ZG16B,TLR2
ZG16B,TLR4
ZG16B,CXCR4
FGF9,FGFR3
FGF9,FGFR4
FGF9,FGFR1
FGF9,FGFR2
SEMA5A,MET
SEMA5A,PLXNB3
RPH3A,NRXN1
LAMA1,RPSA
LAMA1,ITGA3
LAMA1,ITGB4
LAMA1,GPC1
LAMA1,NT5E
LAMA1,ITGB1
LAMA1,SDC4
LAMA1,ITGA2
LAMA1,ITGA1
LAMA1,ITGA7
LAMA1,ITGA6
LAMA1,TMPRSS6
LAMA1,ITGB8
LAMA1,SDC2
CCL25,ACKR2
CCL25,ACKR4
CCL25,CCR9
CCL25,CCR10
CCL25,ADRA2A
CCL25,MTNR1A
CCL25,GRM7
LAMB3,ITGB1
LAMB3,ITGA6
LAMB3,ITGA2
LAMB3,CD151
LAMB3,ITGB4
LAMB3,ITGA3
LAMB3,COL17A1
AFDN,F11R
AFDN,NECTIN3
AFDN,NRXN3
AFDN,NECTIN2
AFDN,NECTIN1
AFDN,NRXN2
AFDN,NECTIN4
AFDN,EPHB6
AFDN,EPHB3
AFDN,EPHB2
AFDN,EPHA7
CSH2,PRLR
IL1F10,IL1RL2
IL1F10,IL1R1
CCL8,CCR5
CCL8,CCR3
CCL8,CCR1
CCL8,ACKR4
CCL8,ACKR2
CCL8,ACKR1
CCL8,CCR2
COL4A6,ITGB1
COL4A6,ITGAV
COL4A6,CD93
COL4A6,ITGA1
COL4A6,ITGA2
COL4A6,CD47
CCL26,CCR1
CCL26,CCR3
CCL26,CCR2
SPP1,ITGB1
SPP1,CD44
SPP1,ITGA4
SPP1,ITGB5
SPP1,ITGA5
SPP1,ITGAV
SPP1,ITGB3
SPP1,PTGER4
SPP1,ITGA9
LGALS9,MRC2
LGALS9,HAVCR2
LGALS9,SLC1A5
LGALS9,CD47
LGALS9,CD44
ADM2,GPR84
ADM2,TSHR
ADM2,ADRB2
ADM2,ADRB3
ADM2,VIPR1
ADM2,GPR20
ADM2,RAMP3
ADM2,ADCYAP1R1
ADM2,RAMP2
ADM2,PTH1R
ADM2,CALCR
ADM2,RAMP1
ADM2,CALCRL
CXCL12,CD4
CXCL12,ACKR3
CXCL12,SDC4
CXCL12,DPP4
CXCL12,CCR4
CXCL12,CXCR3
CXCL12,GRM7
CXCL12,MTNR1A
CXCL12,ADRA2A
CXCL12,CXCR4
CXCL12,ITGB1
CXCL12,AVPR1A
BMP7,ACVR1
BMP7,ENG
BMP7,ACVR2B
BMP7,BMPR1B
BMP7,BMPR1A
BMP7,BMPR2
BMP7,ACVR2A
COL4A3,ITGA3
COL4A3,CD47
COL4A3,ITGB3
COL4A3,ITGAV
COL4A3,CD93
COL4A3,ITGA1
COL4A3,ITGA2
COL4A3,ITGB1
COL4A4,ITGB1
COL4A4,ITGA2
COL4A4,ITGA1
COL4A4,CD93
COL4A4,ITGAV
COL4A4,ITGB3
COL4A4,CD47
HLA-A,ERBB2
HLA-A,KIR3DL1
HLA-A,CD3G
HLA-A,LILRB2
HLA-A,LILRA1
HLA-A,APLP2
HLA-A,LILRB1
HLA-A,KIR3DL2
HLA-A,CD3D
HLA-A,KIR2DL3
HLA-A,KIR2DL1
CNTN4,PTPRG
TCTN1,TMEM67
PDCD1LG2,PDCD2
PDCD1LG2,PDCD1
NPS,NPSR1
NPS,ADRB3
NPS,ADRB2
NPS,GPR20
NPS,TSHR
NPS,GPR84
NPS,PTH1R
NPS,RAMP2
NPS,ADCYAP1R1
NPS,RAMP3
NPS,VIPR1
TNFSF11,LGR4
TNFSF11,TNFRSF11B
TNFSF11,TNFRSF11A
DSCAM,DCC
POMC,VIPR1
POMC,RAMP3
POMC,GPR20
POMC,ADCYAP1R1
POMC,RAMP2
POMC,PTH1R
POMC,ADRA2A
POMC,MTNR1A
POMC,GRM7
POMC,GPR84
POMC,TSHR
POMC,ADRB2
POMC,ADRB3
POMC,MC1R
POMC,OPRM1
POMC,MC4R
POMC,MC5R
POMC,MC2R
POMC,OPRK1
POMC,MC3R
POMC,OPRD1
FBLN2,ITGB3
NPY,DPP4
NPY,NPFFR2
NPY,GRM7
NPY,MTNR1A
NPY,ADRA2A
NPY,PRLHR
NPY,FAP
NPY,NPY2R
NPY,MC4R
NPY,NPY1R
NPY,NPY5R
NPY,NPY4R
NXPH1,NRXN3
NXPH1,NRXN1
NXPH1,NRXN2
SAA1,FPR2
SAA1,FPR1
SAA1,ADRA2A
SAA1,MTNR1A
SAA1,GRM7
SAA1,TLR2
SAA1,SCARB1
MDK,SORL1
MDK,SDC3
MDK,SDC4
MDK,ITGA6
MDK,SDC1
MDK,ALK
MDK,ITGB1
MDK,LRP1
MDK,ITGA4
MDK,LRP2
MDK,PTPRZ1
MDK,GPC2
MDK,TSPAN1
TF,TFR2
TF,HFE
TF,LRP2
TF,ADRB2
TF,LDLR
TF,TFRC
ARTN,RET
ARTN,GFRA3
ARTN,GFRA2
ARTN,GFRA1
GCG,DPP4
GCG,ADRB2
GCG,ADRB3
GCG,TSHR
GCG,GPR84
GCG,PTH1R
GCG,RAMP2
GCG,ADCYAP1R1
GCG,GPR20
GCG,RAMP3
GCG,VIPR1
GCG,GLP1R
GCG,GCGR
GCG,GLP2R
ADIPOQ,CNR2
ADIPOQ,ADIPOR1
ADIPOQ,ADIPOR2
ADIPOQ,GPR42
PTPN6,CD300LF
PTPN6,CLEC12A
PTPN6,FCRL4
APLN,APLNR
APLN,GRM7
APLN,MTNR1A
APLN,ADRA2A
NLGN1,NRXN3
NLGN1,NRXN1
NLGN1,NRXN2
CLEC2A,KLRF2
C4A,C5AR2
C4A,C3AR1
C4A,CR1
NTF3,NTRK1
NTF3,NTRK2
NTF3,NGFR
NTF3,NTRK3
RLN3,RXFP3
RLN3,RXFP4
RLN3,RXFP2
RLN3,RXFP1
RLN3,ADRA2A
RLN3,MTNR1A
RLN3,GRM7
RLN3,VIPR1
RLN3,RAMP3
RLN3,ADCYAP1R1
RLN3,RAMP2
RLN3,PTH1R
RLN3,GPR84
RLN3,TSHR
RLN3,ADRB3
RLN3,GPR20
RLN3,ADRB2
TNF,NOTCH1
TNF,TNFRSF1B
TNF,TNFRSF1A
TNF,FLT4
TNF,TRAF2
TNF,RIPK1
TNF,TNFRSF21
TNF,TRADD
TNF,FAS
TNF,PTPRS
TNF,FFAR2
TNF,VSIR
TNF,TRPM2
TNF,ICOS
TNF,CELSR2
CCN1,TLR4
CCN1,TLR2
CCN1,ITGA5
CCN1,ITGAM
CCN1,ITGB3
CCN1,CAV1
CCN1,ITGAV
CCN1,ITGB2
CCN1,ITGB5
HLA-B,LILRA1
HLA-B,CANX
HLA-B,LILRB1
HLA-B,KIR3DL2
HLA-B,CD3D
HLA-B,KIR2DL3
HLA-B,KLRD1
HLA-B,LILRB2
HLA-B,CD3G
HLA-B,KIR3DL1
FGF16,FGFR4
FGF16,FGFR2
FGF16,FGFR3
FGF16,FGFR1
LAMA2,ITGB1
LAMA2,ITGA7
LAMA2,ITGA6
LAMA2,ITGA2
LAMA2,ITGA1
LAMA2,ITGA3
LAMA2,RPSA
LAMA2,ITGB4
CCL24,CCR3
CCL24,ACKR2
CCL24,CCR2
HRAS,SDC2
HRAS,CAV1
HRAS,TLR2
HRAS,GRIN2D
HRAS,INSR
HRAS,AGTR1
HRAS,TLR9
GDNF,EDNRB
GDNF,GFRA1
GDNF,GFRA2
GDNF,GFRA3
GDNF,RET
HLA-G,KIR3DL1
HLA-G,LILRB2
HLA-G,CD4
HLA-G,KLRD1
HLA-G,KLRC1
HLA-G,KIR2DL4
HLA-G,LILRB1
EFNA4,EPHA8
EFNA4,EPHA2
EFNA4,EPHA7
EFNA4,EPHA1
EFNA4,EPHA5
EFNA4,EPHA10
EFNA4,EPHA3
EFNA4,EPHA4
EFNA4,EPHA6
ICAM2,ITGB2
ICAM2,ITGAL
ICAM2,ITGAM
FSHB,PTH1R
FSHB,ADCYAP1R1
FSHB,RAMP2
FSHB,RAMP3
FSHB,VIPR1
FSHB,GPR20
FSHB,ADRB2
FSHB,ADRB3
FSHB,TSHR
FSHB,GPR84
FSHB,FSHR
RARRES2,GPR1
RARRES2,CCRL2
RARRES2,CMKLR1
LRPAP1,LRP2
LRPAP1,LRP1
LRPAP1,SORT1
LRPAP1,SORL1
LRPAP1,LDLR
LRPAP1,LRP8
LRPAP1,VLDLR
C1QTNF5,MFRP
HSPA8,LDLR
HSPA8,LRP2
HSPA8,ADRB2
CALCB,GPR20
CALCB,ADRB2
CALCB,ADRB3
CALCB,GPR84
CALCB,TSHR
CALCB,VIPR1
CALCB,RAMP3
CALCB,ADCYAP1R1
CALCB,RAMP2
CALCB,PTH1R
CALCB,CALCR
CALCB,RAMP1
CALCB,CALCRL
ADM,CALCRL
ADM,GPR182
ADM,RAMP1
ADM,CALCR
ADM,PTH1R
ADM,RAMP2
ADM,ADCYAP1R1
ADM,RAMP3
ADM,VIPR1
ADM,TSHR
ADM,GPR84
ADM,ADRB3
ADM,GPR20
ADM,ADRB2
PTHLH,ADRB2
PTHLH,GPR20
PTHLH,ADRB3
PTHLH,GPR84
PTHLH,TSHR
PTHLH,VIPR1
PTHLH,RAMP3
PTHLH,ADCYAP1R1
PTHLH,RAMP2
PTHLH,PTH1R
PTHLH,PTH2R
ADCYAP1,SCTR
ADCYAP1,PTH1R
ADCYAP1,RAMP2
ADCYAP1,ADCYAP1R1
ADCYAP1,RAMP3
ADCYAP1,VIPR1
ADCYAP1,TSHR
ADCYAP1,GPR84
ADCYAP1,VIPR2
ADCYAP1,ADRB3
ADCYAP1,GPR20
ADCYAP1,ADRB2
ADCYAP1,DPP4
CGA,LHCGR
CGA,ADRB2
CGA,GPR20
CGA,ADRB3
CGA,GPR84
CGA,TSHR
CGA,VIPR1
CGA,RAMP3
CGA,ADCYAP1R1
CGA,RAMP2
CGA,PTH1R
CGA,FSHR
S100A10,CFTR
S100A10,TRPV6
SHANK2,CFTR
LGALS8,ITGA3
RELN,ITGA3
RELN,ITGB1
RELN,VLDLR
RELN,LRP8
LAMB2,ITGB1
LAMB2,ITGA3
LAMB2,RPSA
LAMB2,ITGB4
ADAM9,ITGA3
ADAM9,ITGB1
ADAM9,ITGB5
ADAM9,ITGAV
ADAM9,ITGA6
S100A4,CCR5
S100A4,ERBB2
S100A4,EGFR
S100A4,PGLYRP1
CPAMD8,SCTR
TNFSF13B,CD40
TNFSF13B,TNFRSF17
TNFSF13B,TNFRSF13C
TNFSF13B,TFRC
TNFSF13B,TNFRSF13B
CALML3,KCNQ1
LTA,LTBR
LTA,RIPK1
LTA,TNFRSF14
LTA,TNFRSF1A
LTA,TNFRSF1B
LTB,TNFRSF1A
LTB,LTBR
LTB,CD40
NTF4,BEX3
NTF4,NTRK1
NTF4,NGFR
NTF4,NTRK2
BDNF,NTRK2
BDNF,NGFR
BDNF,DRD4
BDNF,BEX3
BDNF,SORT1
CD99,CD81
CD99,PILRA
FGF1,TGFBR3
FGF1,FGFRL1
FGF1,EGFR
FGF1,NRP1
FGF1,FGFR2
FGF1,FGFR4
FGF1,FGFR1
FGF1,FGFR3
FGF1,CD44
FAM3C,GLRA2
FAM3C,LAMP1
MLN,MLNR
RIMS1,SLC17A7
RIMS1,CACNA1C
RIMS1,SLC18A3
RIMS1,SLC18A2
KLK3,EPOR
C1QB,C1QBP
C1QB,LRP1
GNRH2,GNRHR
GNRH1,GNRHR
IL22,IL10RA
IL22,IL22RA1
IL22,IL22RA2
IL22,IL21R
IL22,IL10RB
IL10,IL10RB
IL10,IL10RA
TNFSF14,LTBR
TNFSF14,TNFRSF6B
TNFSF14,TNFRSF14
CLEC2D,KLRB1
IL33,IL1RL1
KISS1,KISS1R
KISS1,MMP24
PDYN,OPRD1
PDYN,OPRK1
PDYN,OPRM1
PDYN,ADRA2A
PDYN,MTNR1A
PDYN,GRM7
PODXL2,SELL
CD34,SELL
CD34,SELP
MUC7,SELL
PODXL,SELL
MICB,KLRK1
MICA,KLRK1
RAET1L,KLRK1
ULBP2,KLRK1
ULBP3,KLRK1
RAET1E,KLRK1
RAET1G,KLRK1
GDF2,ACVR2B
GDF2,BMPR2
GDF2,ACVRL1
GDF2,ACVR1
GDF2,ENG
GDF2,ACVR2A
FLT3LG,FLT3
CD55,ADGRE5
CD55,ADGRE2
CD55,CR1
GPC3,CD81
GPC3,LRP1
GPC3,LRP2
GPC3,IGF1R
PDGFB,S1PR1
PDGFB,ART1
PDGFB,PDGFRA
PDGFB,LRP1
PDGFB,ITGAV
PDGFB,PDGFRB
A2M,LRP1
SERPINA1,LRP1
SERPINE2,LRP1
MMP13,LRP1
FCN2,LRP1
HPX,LRP1
LIPC,LRP1
PSAP,LRP1
PSAP,SORT1
PSAP,GPR37
PSAP,GPR37L1
PSAP,CD1B
PSAP,AR
ASIP,MC4R
ASIP,MC5R
ASIP,MC2R
ASIP,F11R
ASIP,MC1R
ASIP,MGRN1
ASIP,ATRN
ASIP,MC3R
SFTPA2,CD93
MBL2,CD93
MBL2,CALCR
C1QA,CR1
C1QA,CD93
C1QA,CSPG4
IGFL2,IGFLR1
IGFL1,IGFLR1
IGFL3,IGFLR1
GSTP1,TRAF2
GSTP1,EGFR
GALP,GALR2
GALP,GALR3
GALP,GALR1
NTNG2,LRRC4
NTNG2,LRRC4C
CCL5,GPR75
CCL5,CCRL2
CCL5,SDC4
CCL5,ACKR4
CCL5,CXCR3
CCL5,CCR5
CCL5,CCR3
CCL5,CCR1
CCL5,SDC1
CCL5,CCR4
CCL5,ACKR1
CCL5,ACKR2
CCL5,GRM7
CCL5,ADRA2A
CCL5,MTNR1A
GUCA2B,GUCY2C
GUCA2B,GUCY2D
CLEC3A,CLEC10A
NMS,NMUR2
NMS,NMUR1
NMS,ADRA2A
NMS,MTNR1A
NMS,GRM7
ARF1,CHRM3
ARF1,PLD2
ARF1,INSR
VEGFC,FLT1
VEGFC,CCBE1
VEGFC,LYVE1
VEGFC,ITGA9
VEGFC,KDR
VEGFC,FLT4
VEGFC,ITGB1
VEGFC,NRP2
DLK1,NOTCH1
DLK1,NOTCH2
DLK1,NOTCH3
MFNG,NOTCH2
MFNG,NOTCH1
CCL16,CCR2
CCL16,ADRA2A
CCL16,MTNR1A
CCL16,GRM7
CCL16,CCR1
CCL16,CCR5
CCL16,CCR8
CCL16,HRH4
DSC3,DSG3
DSC3,DSG1
DSC3,DSG2
DSC2,DSG2
DSC2,DSG1
PDGFC,PDGFRA
PDGFC,FLT1
PDGFC,KDR
PDGFC,FLT4
PDGFC,PDGFRB
PDGFD,PDGFRB
PDGFD,PDGFRA
PDGFA,PDGFRA
PDGFA,PDGFRB
FGF21,FGFR3
FGF21,FGFR1
FGF21,FGFR4
FGF21,FGFR2
FGF21,KLB
NMB,NMBR
NMB,GRPR
NMB,BRS3
B2M,TFRC
B2M,HLA-F
B2M,CD1A
B2M,CD1B
B2M,KIR2DL1
B2M,KIR2DL3
B2M,LILRB1
B2M,CD3D
B2M,CD247
B2M,KLRC1
B2M,HFE
B2M,KIR3DL1
B2M,KLRC2
B2M,KLRD1
B2M,LILRB2
B2M,CD3G
SFTPA1,TLR2
RNASE2,TLR2
CCN6,SORL1
EDIL3,ITGAV
EDIL3,ITGB5
AZGP1,ITGAV
VEGFA,ITGAV
VEGFA,ITGB3
VEGFA,RET
VEGFA,KDR
VEGFA,EPHB2
VEGFA,ITGB1
VEGFA,EGFR
VEGFA,NRP1
VEGFA,NRP2
VEGFA,GRIN2B
VEGFA,FLT1
VEGFA,SIRPA
VEGFA,ITGA9
VEGFA,TYRO3
VEGFA,GPC1
CP,SLC40A1
GUCA2A,GUCY2C
SOSTDC1,LRP6
WNT9B,LRP6
SOST,LRP6
SOST,LRP5
DKK1,LRP6
DKK1,LRP5
DKK1,KREMEN1
DKK1,KREMEN2
CRISP3,A1BG
HSPA1A,GRIN2D
HSPA1A,TLR4
IL27,IL27RA
CD24,SELP
CD24,SIGLEC10
GAS6,TYRO3
GAS6,MERTK
GAS6,AXL
PROS1,AXL
PROS1,MERTK
PROS1,TYRO3
GC,LRP2
ALB,LRP2
INS,LRP2
INS,LILRB1
INS,IGF1R
INS,INSR
INS,LILRB2
CUBN,LRP2
SCGB1A1,LRP2
SCGB1A1,LMBR1L
LCN2,LRP2
GREM1,KDR
NRG1,ERBB3
NRG1,LGR4
NRG1,ERBB2
NRG1,EGFR
NRG1,ERBB4
NRG1,ADGRL1
NRG1,MS4A4A
NRG1,GPC1
SERPINC1,GPC1
SERPINC1,SDC2
SLIT2,SDC1
SLIT2,DCC
SLIT2,GPC1
SLIT2,ROBO4
SLIT2,ROBO1
SLIT2,ROBO2
CD274,PDCD1
CD274,CD80
NPPC,NPR3
NPPC,NPR2
NPPC,NPR1
NPPB,NPR2
NPPB,NPR1
NPPB,NPR3
NPPB,DPP4
OSTN,NPR3
NPPA,NPR3
NPPA,NPR2
NPPA,NPR1
SEMA3B,NRP2
SEMA3B,NRP1
PGF,NRP1
PGF,NRP2
PGF,FLT1
NCAM1,ROBO1
NCAM1,PTPRA
NCAM1,CACNA1C
NCAM1,FGFR1
NCAM1,FGFR2
NCAM1,GFRA1
NRG3,ERBB3
NRG3,ERBB4
NRG3,ERBB2
AREG,EGFR
AREG,ERBB3
NRG2,ERBB3
NRG2,ERBB4
NRG2,ERBB2
BTC,ERBB2
BTC,ERBB4
BTC,EGFR
BTC,ERBB3
IGF2,IGF2R
IGF2,IGF1R
IGF2,INSR
SEMA4D,CD72
SEMA4D,PLXNB1
SEMA4D,ERBB2
SEMA4D,PLXNB2
SEMA4D,MET
NRG4,ERBB4
NRG4,EGFR
NRG4,ERBB2
IFNW1,IFNAR2
IFNW1,IFNAR1
IFNA16,IFNAR1
IFNA16,IFNAR2
IFNA14,IFNAR2
IFNA14,IFNAR1
IFNA17,IFNAR2
IFNA17,IFNAR1
IFNA4,IFNAR1
IFNA4,IFNAR2
IFNA13,IFNAR2
IFNA13,IFNAR1
IFNA5,IFNAR1
IFNA5,IFNAR2
IFNB1,IFNAR2
IFNB1,IFNAR1
IFNA6,IFNAR1
IFNA6,IFNAR2
IFNA10,IFNAR2
IFNA10,IFNAR1
IFNA8,IFNAR1
IFNA8,IFNAR2
IFNE,IFNAR2
IFNE,IFNAR1
IFNE,ADGRV1
IFNA21,IFNAR1
IFNA21,IFNAR2
IFNA2,IFNAR2
IFNA2,IFNAR1
IL20,IL20RA
IL20,IL20RB
IL20,IL22RA1
IL24,IL22RA1
IL24,IL20RB
IL24,IL20RA
IL24,IL10RB
PTPN11,FCRL4
ZP3,EGFR
EFEMP1,EGFR
FGL1,EGFR
ARF4,EGFR
ANG,EGFR
LRIG2,EGFR
EPGN,EGFR
DLK2,NOTCH1
MFAP5,NOTCH1
MFAP2,NOTCH1
RBP3,NOTCH1
NTNG1,LRRC4C
SPINT1,ST14
CXCL2,DPP4
CXCL2,CXCR1
CXCL2,CXCR2
CXCL2,GRM7
CXCL2,MTNR1A
CXCL2,ADRA2A
CXCL2,XCR1
CXCL1,ADRA2A
CXCL1,MTNR1A
CXCL1,GRM7
CXCL1,CXCR2
CXCL1,CXCR1
CXCL1,ACKR1
PPY,GRM7
PPY,MTNR1A
PPY,ADRA2A
PPY,NPY2R
PPY,NPY4R
PPY,NPY5R
PPY,NPY1R
SORBS1,INSR
SORBS1,ITGB5
SORBS1,ITGA1
MATN1,ITGA1
PLA2G10,PLA2R1
IL34,CSF1R
IL25,IL17RB
IFNL2,IFNLR1
IFNL2,IL10RB
IFNL1,IL10RB
IFNL1,IFNLR1
IFNL3,IFNLR1
IFNL3,IL10RB
GPI,AMFR
DEFB106A,CCR2
CCL14,CCR3
CCL14,CCR5
CCL14,CCR1
CCL14,ACKR1
CCL14,ACKR2
CCL3,ACKR2
CCL3,CCR4
CCL3,CCR1
CCL3,CCR5
CCL3,CCR3
CCL3L3,CCR5
CCL3L3,ACKR2
CCL4,ACKR2
CCL4,CCR8
CCL4,CCR5
CCL4,CCR1
CCL4,CCR3
CCL4,CNR2
FGF12,FGFR2
FGF12,FGFR4
FGF12,FGFR3
FGF12,FGFR1
ANGPT1,ITGB1
ANGPT1,ITGA5
ANGPT1,TEK
ANGPT1,TIE1
WNT8A,LRP5
WNT8B,LRP5
CGB5,LHCGR
CCK,CCKBR
CCK,CCKAR
YARS1,CXCR1
IL17A,IL17RC
IL17A,IL17RA
IL17F,IL17RA
IL17F,IL17RC
CCL15,CCR1
CCL15,CCR3
CCL23,CCR1
CCL23,ACKR2
CCL18,CCR8
CCL18,CCR1
CCL18,CCR3
LTBP3,ITGB5
LTBP1,ITGB5
MST1,MST1R
CHAD,ITGB1
CHAD,ITGA2
NUCB2,ERAP1
FAT4,DCHS1
TAC3,TACR3
TAC3,TACR1
TAC3,TACR2
AHSG,INSR
CD86,CD28
CD86,CTLA4
ACE2,SLC6A19
CD6,ALCAM
TSLP,IL7R
CER1,MRC2
CRISP2,CATSPER1
XCL2,XCR1
CD200,CD200R1
C4B,CR1
C4B,CD46
IL19,IL20RA
IL19,IL20RB
EDN1,ADGRL4
EDN1,EDNRB
EDN1,EDNRA
EDN1,KEL
ICOSLG,ICOS
SEMA4B,DCBLD2
UTS2B,UTS2R
PDX1,SLC2A2
PTMA,VIPR1
TNFSF18,TNFRSF18
F11,GP1BA
APOD,LEPR
DKK3,KREMEN1
OBP2A,OR1G1
BSG,SELE
AMELX,LAMP1
IL6,IL6R
IL6,HRH1
IL6,IL6ST
IL6,F3
F7,F3
RGMA,BMPR2
RGMA,HJV
RGMA,BMPR1B
RGMA,NEO1
RGMA,HFE
RGMA,TFR2
MMP12,PLAUR
WNT5B,KLRG2
CD5L,CD5
PIGA,PIGR
GSTO1,RYR1
ADA,DPP4
CEACAM16,TECTA
CEACAM16,TECTB
CD58,CD2
CD59,CD2
ANGPT4,TIE1
ANGPT4,TEK
IRAK4,TLR6
IRAK4,TLR4
IRAK4,TLR7
ALOX5AP,ALOX5
COLQ,MUSK
PLTP,ABCA1
NPNT,ITGA8
NPNT,ITGB1
MEPE,PHEX
COL8A2,SLC4A11
SPTBN2,PTPRA
APOC1,VLDLR
APOC4,VLDLR
ALKAL2,ALK
QRFP,QRFPR
DSPP,ITGB1
SPON2,ITGB2
SPON2,ITGAM
SYTL3,NRXN1
PRG4,CD44
VIM,CD44
CXCL17,GPR35
GDF10,ACVR1B
APELA,APLNR
SEMA3F,ITGB1
SEMA3F,ITGB3
NTN1,ITGB1
SEMA4G,ITGB1
SEMA4G,ITGB3
NID2,LRP2
NID2,ITGB1
NID2,ITGB3
NID2,ITGAV
NID2,ITGA1
NID2,ITGA2
MMP2,ITGB1
TG,ITGB1
TG,ITGA2
LAMB1,LRP2
LAMB1,LRP1
LAMB1,ITGB3
C5,ITGA4
C5,LRP2
C5,ITGB1
C5,LRP1
C5,ITGB3
C5,LDLR
C5,TLR2
C5,VLDLR
C5,CALCR
C5,TLR4
C5,DSG2
C5,TLR1
C5,DSG1
C5,ASGR2
COL1A1,ITGB5
COL1A1,ITGB3
COL1A1,ITGB8
COL1A1,CD47
COL1A1,ITGA2B
COL1A1,SDC3
COL1A1,BCAM
COL1A1,GPC4
COL1A1,ADGRB2
COL1A1,ADGRL2
COL1A1,MAG
COL1A1,ITGA3
COL1A1,ITGB4
COL1A1,TNFRSF10A
COL1A1,ITGA10
COL1A1,SLC4A11
LAMA4,LRP2
LAMA4,LRP1
LAMA4,ITGB3
LAMA4,ITGA2
SEMA3G,ITGB1
HRG,ITGB1
APOB,EGFR
APOB,ITGA4
APOB,CD44
APOB,ITGB7
APOB,SDC2
APOB,C5AR2
APOB,C5AR1
APOB,ITGA8
APOB,TNFRSF11B
APOB,SELL
APOB,SELP
APOB,CD46
APOB,C3AR1
APOB,TLR1
APOB,RPSA
APOB,PTPRD
APOB,NT5E
APOB,ITGA9
APOB,DCHS1
APOB,ROBO4
C3,LRP2
C3,ITGB1
C3,ITGB3
C3,TLR2
C3,TLR4
C3,TLR1
NCAN,CD44
NCAN,LRP2
NCAN,ITGB1
NCAN,ITGB3
NCAN,ITGAV
NCAN,ITGA1
NCAN,ITGA2
NCAN,CD93
LAMA5,ITGB3
LAMA5,ITGA5
JAG1,ITGB1
JAG1,ITGB3
DSC1,ITGB1
DSC1,LRP1
SEMA6A,LRP2
SEMA6A,ITGB1
SEMA6A,LRP1
SEMA6A,ITGB3
SEMA6A,ITGAV
LAMC1,LRP2
LAMC1,LRP1
LAMC1,ITGB3
TGS1,ITGB1
THBS1,LRP2
THBS1,ITGAV
THBS1,ITGA2
ADAM10,LRP2
ADAM10,ITGB1
ADAM10,ITGB3
ADAM10,ITGAV
ADAM10,ITGA2
COL8A1,ITGB5
COL8A1,CD44
COL8A1,ITGB1
COL8A1,ITGB3
COL8A1,ITGAV
COL8A1,ITGB8
COL8A1,CD36
COL8A1,ITGA5
COL8A1,CD93
COL8A1,FLT4
COL8A1,DDR2
COL8A1,ITGA11
COL8A1,DDR1
COL8A1,CD47
COL8A1,ITGA2B
COL8A1,SDC3
COL8A1,GPC4
COL8A1,ADGRB2
COL8A1,ADGRL2
COL8A1,ADGRL1
COL8A1,MAG
COL8A1,ITGA3
COL8A1,TNFRSF10A
COL8A1,ITGA10
COL8A1,SLC4A11
VWF,EGFR
VWF,ITGA4
VWF,LRP2
VWF,ITGB1
VWF,SDC2
VWF,ITGB6
VWF,ITGA5
VWF,ITGA8
VWF,SDC4
VWF,CD46
VWF,ROBO1
VWF,ITGA9
VWF,ROBO4
CDH1,LRP2
CDH1,ITGB1
CDH1,LRP1
CDH1,ITGB3
CDH1,ITGAV
RIMS2,LRP2
RIMS2,ITGB1
RIMS2,ITGB3
RIMS2,ITGAV
RIMS2,ITGA2
CNTN3,CD44
CNTN3,LRP2
CNTN3,ITGB1
CNTN3,LRP1
CNTN3,ITGB3
CNTN3,ITGAV
CNTN3,ITGA2
FARP2,LRP2
FARP2,ITGB1
FARP2,ITGB3
LAMC2,ITGB3
LAMC2,ITGAV
NID1,LRP2
NID1,ITGA2
F13A1,LRP2
F13A1,LRP1
F13A1,ITGB3
F13A1,ITGAV
VCAN,LRP2
VCAN,LRP1
VCAN,ITGAM
VCAN,VLDLR
VCAN,OLR1
VCAN,MTTP
VCAN,LSR
VCAN,TLR6
VCAN,LRP8
TNC,LRP2
TNC,LRP1
TNC,ITGA1
EGF,ITGB1
EGF,LRP1
EGF,ITGB3
EGF,ITGAV
EGF,ITGA2
SEMA3C,ITGB1
SEMA3A,LRP2
SEMA3A,ITGB1
SEMA3A,ITGB3
ADAM28,ITGB1
SLIT1,ITGB1
CGN,ITGB1
MEGF10,NOTCH1
MEGF10,NOTCH4
MEGF10,NOTCH2
MEGF10,NOTCH3
MEGF10,ITGB1
MEGF10,ITGB3
MEGF10,ITGAV
MEGF10,ITGA2
MEGF10,CD93
SEMA3D,EGFR
SEMA3D,LRP2
SEMA3D,ITGB1
APP,EGFR
APP,ITGB1
ADAMTS3,LRP2
ADAMTS3,ITGB1
ADAMTS3,LRP1
ADAMTS3,ITGB3
ADAMTS3,ITGAV
ADAMTS3,ITGA2
ACE,LRP2
ACE,ITGB1
SHANK1,CD44
SHANK1,ITGB1
SHANK1,ITGB3
SHANK1,ITGAV
SHANK1,ITGA1
SHANK1,ITGA2
SHANK1,CD93
SHANK1,CD47
SHANK1,ITGA3
COL6A3,ITGA4
COL6A3,LRP1
COL6A3,ITGA3
MELTF,ITGB1
COL1A2,ITGB5
COL1A2,ITGB8
COL1A2,ITGA5
COL1A2,DDR2
COL1A2,TMPRSS6
COL1A2,DDR1
COL1A2,CD47
COL1A2,GPC4
COL1A2,ADGRB2
COL1A2,ADGRL2
COL1A2,MAG
COL1A2,ITGA3
COL1A2,ITGB4
COL1A2,TNFRSF10A
COL1A2,ITGA10
COL14A1,LRP2
COL14A1,ITGB1
COL14A1,LRP1
COL14A1,ITGB3
COL14A1,ITGAV
COL14A1,ITGA6
COL14A1,ITGA1
COL14A1,ITGA2
COL14A1,CD93
COL14A1,CD47
COL14A1,ITGA3
HSP90B1,EGFR
HSP90B1,ITGA4
HSP90B1,LRP2
HSP90B1,ITGB1
HSP90B1,LRP6
HSP90B1,LDLR
HSP90B1,PTPRD
COL6A2,CD44
COL6A2,ITGB3
COL6A2,ITGAV
COL6A2,ITGA5
COL6A2,CD93
COL6A2,CD47
IL16,ITGB1
IL16,SSTR2
HSPA4,ITGB1
HSPA4,LRP1
SEMA3E,LRP2
SEMA3E,ITGB1
SEMA3E,ITGB3
SEMA3E,ITGAV
COL3A1,ITGB5
COL3A1,ITGB3
COL3A1,ITGAV
COL3A1,ITGB8
COL3A1,CD36
COL3A1,ITGA1
COL3A1,ITGA5
COL3A1,CD93
COL3A1,FLT4
COL3A1,ITGA11
COL3A1,TMPRSS6
COL3A1,CD47
COL3A1,ITGA2B
COL3A1,GPC4
COL3A1,ADGRB2
COL3A1,ADGRL2
COL3A1,ITGA3
COL3A1,TNFRSF10A
COL3A1,ITGA10
NLGN2,ITGB1
NLGN2,ITGB3
NLGN2,ITGAV
BMP1,LRP2
BMP1,ITGB1
BMP1,ITGB3
BMP1,ITGAV
BMP1,ITGA2
FGA,CD44
FGA,LRP2
FGA,LRP1
FGA,ITGA1
FGA,ITGA2
FGA,CD93
SEMA4C,ITGB1
PLG,ITGAV
TLN1,EGFR
TLN1,ITGB2
TLN1,DCC
TLN1,ERBB2
TLN1,ITGA4
TLN1,ITGB7
TLN1,LRP1
TLN1,SDC2
TLN1,ASGR1
TLN1,LRP6
TLN1,C5AR2
TLN1,C5AR1
TLN1,LDLR
TLN1,TLR2
TLN1,SELL
TLN1,SELP
TLN1,VLDLR
TLN1,OLR1
TLN1,CALCR
TLN1,MTTP
TLN1,LSR
TLN1,TLR6
TLN1,TLR4
TLN1,LRP8
TLN1,CD46
TLN1,C3AR1
TLN1,CR1
TLN1,TLR1
TLN1,PTPRD
TLN1,ITGA9
TLN1,ASGR2
LPA,EGFR
LPA,ITGB5
LPA,ITGA4
LPA,CD44
LPA,ITGB1
LPA,COL13A1
LPA,LRP1
LPA,SDC2
LPA,TPO
LPA,ITGB3
LPA,ITGB6
LPA,ITGAV
LPA,ITGB8
LPA,CD36
LPA,SDC1
LPA,ITGA7
LPA,ITGA6
LPA,ITGA1
LPA,ITGA2
LPA,ITGA5
LPA,CD93
LPA,FLT4
LPA,DDR2
LPA,ITGA11
LPA,TMPRSS6
LPA,DDR1
LPA,ITGA8
LPA,CD47
LPA,ITGA2B
LPA,TNFRSF11B
LPA,SELP
LPA,LRP8
LPA,BCAM
LPA,SCARA5
LPA,STAB2
LPA,RPSA
LPA,ADGRB2
LPA,ADGRL2
LPA,MAG
LPA,PTPRS
LPA,ATP1A3
LPA,ITGA3
LPA,ITGB4
LPA,NT5E
LPA,GPC1
LPA,ITGA9
LPA,DCHS1
LPA,ROBO4
LPA,ITGA10
LAMA3,LRP2
LAMA3,LRP1
LAMA3,ITGB3
LAMA3,ITGB6
LAMA3,ITGA6
LAMA3,ITGA2
LAMA3,TNFRSF11B
LAMA3,NT5E
LAMA3,ROBO4
SEMA6D,LRP2
SEMA6D,ITGB1
SEMA6D,LRP1
SEMA6D,ITGB3
SEMA6D,ITGAV
SEMA6D,ITGA2
MTMR4,ITGB1
FBN1,COL13A1
FBN1,ITGB8
FBN1,SDC1
FBN1,ITGA7
FBN1,ITGA6
FBN1,TMPRSS6
FBN1,ITGA2B
JAG2,ITGB1
JAG2,ITGB3
JAG2,ITGAV
JAG2,ITGA2
CNTN2,LRP2
CNTN2,ITGB1
CNTN2,ITGB3
CNTN2,ITGAV
CNTN2,ITGA2
BCAN,ITGB1
COL4A5,ITGB3
COL4A5,CD36
COL4A5,FLT4
COL4A5,DDR2
COL4A5,ITGA11
COL4A5,DDR1
COL4A5,MAG
COL4A5,ITGA10
SLIT3,ITGB1
COL7A1,ITGB5
COL7A1,CD44
COL7A1,COL13A1
COL7A1,ITGB3
COL7A1,ITGAV
COL7A1,ITGB8
COL7A1,CD36
COL7A1,ITGA1
COL7A1,ITGA5
COL7A1,CD93
COL7A1,FLT4
COL7A1,DDR2
COL7A1,ITGA11
COL7A1,TMPRSS6
COL7A1,DDR1
COL7A1,CD47
COL7A1,ITGA2B
COL7A1,BCAM
COL7A1,ADGRB2
COL7A1,ADGRL2
COL7A1,MAG
COL7A1,ITGA3
COL7A1,ITGA10
HSP90AA1,TLR7
RTN4,ITGB1
DMP1,ITGB1
NTN4,ITGB1
COL9A3,ITGB5
COL9A3,CD44
COL9A3,ITGB3
COL9A3,ITGAV
COL9A3,ITGB8
COL9A3,CD36
COL9A3,ITGA1
COL9A3,ITGA2
COL9A3,ITGA5
COL9A3,CD93
COL9A3,FLT4
COL9A3,DDR2
COL9A3,ITGA11
COL9A3,DDR1
COL9A3,CD47
COL9A3,ITGA2B
COL9A3,SDC3
COL9A3,GPC4
COL9A3,ADGRB2
COL9A3,ADGRL2
COL9A3,ITGA3
COL9A3,TNFRSF10A
COL9A3,ITGA10
COL9A3,SLC4A11
FN1,EGFR
FN1,ITGB2
FN1,FGFR1
FN1,DCC
FN1,ITGB5
FN1,LRP2
FN1,LRP1
FN1,ASGR1
FN1,TPO
FN1,ITGAM
FN1,SDC1
FN1,ITGA1
FN1,CD93
FN1,SELL
FN1,SELP
FN1,ERBB3
FN1,VLDLR
FN1,LRP8
FN1,ABCA1
FN1,CD46
FN1,GP1BA
FN1,SIRPA
FN1,GPC4
FN1,TLR1
FN1,CNTN1
FN1,ROBO1
FN1,ADGRL2
FN1,ADGRL1
FN1,PTPRS
COL18A1,CD44
COL18A1,COL13A1
COL18A1,ITGAV
COL18A1,ITGB8
COL18A1,CD36
COL18A1,ITGA6
COL18A1,ITGA1
COL18A1,ITGA2
COL18A1,CD93
COL18A1,FLT4
COL18A1,DDR2
COL18A1,ITGA11
COL18A1,TMPRSS6
COL18A1,DDR1
COL18A1,CD47
COL18A1,ITGA2B
COL18A1,ABCA1
COL18A1,SDC3
COL18A1,BCAM
COL18A1,SSTR2
COL18A1,ADGRB2
COL18A1,ADGRL2
COL18A1,ADGRL1
COL18A1,MAG
COL18A1,PTPRS
COL18A1,ITGB4
COL18A1,ITGA10
COL18A1,SLC4A11
COL9A1,ITGB5
COL9A1,CD44
COL9A1,ITGB3
COL9A1,ITGAV
COL9A1,ITGB8
COL9A1,CD36
COL9A1,SDC1
COL9A1,ITGA1
COL9A1,ITGA2
COL9A1,ITGA5
COL9A1,CD93
COL9A1,FLT4
COL9A1,DDR2
COL9A1,ITGA11
COL9A1,DDR1
COL9A1,CD47
COL9A1,ITGA2B
COL9A1,SDC3
COL9A1,GPC4
COL9A1,SSTR2
COL9A1,ADGRB2
COL9A1,ADGRL2
COL9A1,ITGA3
COL9A1,TNFRSF10A
COL9A1,ITGA10
COL9A1,SLC4A11
ITIH2,ITGB1
NLGN3,LRP2
NLGN3,ITGB1
NLGN3,ITGB3
NLGN3,ITGAV
F8,EGFR
F8,ITGA4
F8,CD44
F8,LRP2
F8,ITGB1
F8,ITGA2
F8,C5AR1
F8,SELP
F8,VLDLR
F8,OLR1
F8,LSR
F8,TLR6
F8,TLR4
F8,LRP8
F8,TLR1
COL4A2,ITGB1
COL4A2,ITGAV
COL4A2,ITGB8
COL4A2,CD36
COL4A2,ITGA1
COL4A2,ITGA2
COL4A2,ITGA5
COL4A2,FLT4
COL4A2,DDR2
COL4A2,ITGA11
COL4A2,TMPRSS6
COL4A2,DDR1
COL4A2,CD47
COL4A2,ITGA2B
COL4A2,GPC4
COL4A2,ADGRB2
COL4A2,ADGRL2
COL4A2,MAG
COL4A2,ITGA3
COL4A2,TNFRSF10A
COL4A2,ITGA10
COL6A1,CD44
COL6A1,ITGB3
COL6A1,ITGAV
COL6A1,CD93
COL6A1,CD47
DLL1,ITGB1
DLL1,ITGAV
THBS2,LRP2
THBS2,LRP1
THBS2,ITGAV
THBS2,ITGA2
CFH,LRP2
CFH,ITGB1
CFH,LRP1
CFH,ITGB3
CFH,ITGAV
CFH,ITGA1
CFH,ITGA2
CFH,CD93
ADAM12,ITGB3
ADAM12,ITGAV
L1CAM,CD44
L1CAM,LRP2
L1CAM,ITGB1
L1CAM,LRP1
L1CAM,ITGB3
L1CAM,ITGA2
COL11A1,ITGB5
COL11A1,CD44
COL11A1,COL13A1
COL11A1,ITGB3
COL11A1,ITGAV
COL11A1,ITGB8
COL11A1,CD36
COL11A1,ITGA1
COL11A1,ITGA5
COL11A1,CD93
COL11A1,FLT4
COL11A1,DDR2
COL11A1,ITGA11
COL11A1,TMPRSS6
COL11A1,CD47
COL11A1,ITGA2B
COL11A1,SDC3
COL11A1,BCAM
COL11A1,GPC4
COL11A1,ADGRB2
COL11A1,ADGRL2
COL11A1,ADGRL1
COL11A1,MAG
COL11A1,ITGA3
COL11A1,ITGB4
COL11A1,TNFRSF10A
COL11A1,ITGA10
COL11A1,SLC4A11
GNAS,ITGB1
COL5A1,ITGB5
COL5A1,CD44
COL5A1,COL13A1
COL5A1,ITGB3
COL5A1,ITGAV
COL5A1,ITGB8
COL5A1,CD36
COL5A1,ITGA2
COL5A1,ITGA5
COL5A1,CD93
COL5A1,FLT4
COL5A1,DDR2
COL5A1,ITGA11
COL5A1,TMPRSS6
COL5A1,DDR1
COL5A1,CD47
COL5A1,ITGA2B
COL5A1,BCAM
COL5A1,GPC4
COL5A1,ADGRB2
COL5A1,ADGRL2
COL5A1,ADGRL1
COL5A1,MAG
COL5A1,ITGA3
COL5A1,ITGB4
COL5A1,TNFRSF10A
COL5A1,ITGA10
COL5A1,SLC4A11
CEL,LRP2
CEL,ITGB1
CEL,ITGB3
CEL,ITGAV
CEL,ITGA2
CEL,CD93
SFTPD,ITGB1
MMP9,ITGB1
SPTAN1,LRP1
SPTAN1,LDLR
SPTAN1,VLDLR
SPTAN1,OLR1
SPTAN1,MTTP
SPTAN1,LSR
SPTAN1,TLR6
SPTAN1,TLR4
SPTAN1,LRP8
COL9A2,ITGB5
COL9A2,CD44
COL9A2,ITGB3
COL9A2,ITGAV
COL9A2,ITGB8
COL9A2,CD36
COL9A2,ITGA1
COL9A2,ITGA2
COL9A2,ITGA5
COL9A2,CD93
COL9A2,FLT4
COL9A2,DDR2
COL9A2,ITGA11
COL9A2,DDR1
COL9A2,CD47
COL9A2,ITGA2B
COL9A2,SDC3
COL9A2,GPC4
COL9A2,ADGRB2
COL9A2,ADGRL2
COL9A2,ITGA3
COL9A2,TNFRSF10A
COL9A2,ITGA10
COL9A2,SLC4A11
COL16A1,ITGB5
COL16A1,ITGB3
COL16A1,ITGAV
COL16A1,ITGB8
COL16A1,CD36
COL16A1,ITGA1
COL16A1,ITGA2
COL16A1,ITGA5
COL16A1,CD93
COL16A1,FLT4
COL16A1,DDR2
COL16A1,ITGA11
COL16A1,TMPRSS6
COL16A1,DDR1
COL16A1,CD47
COL16A1,ITGA2B
COL16A1,GPC4
COL16A1,ADGRB2
COL16A1,ADGRL2
COL16A1,MAG
COL16A1,ITGA3
COL16A1,TNFRSF10A
COL16A1,ITGA10
COL16A1,SLC4A11
HSPG2,ITGB2
HSPG2,ITGB5
HSPG2,ITGA4
HSPG2,CD44
HSPG2,SDC2
HSPG2,TPO
HSPG2,ITGAM
HSPG2,ITGB3
HSPG2,ITGB6
HSPG2,ITGAV
HSPG2,ITGB8
HSPG2,ITGA6
HSPG2,ITGA1
HSPG2,ITGA5
HSPG2,CD93
HSPG2,FLT4
HSPG2,TMPRSS6
HSPG2,ITGA8
HSPG2,CD47
HSPG2,ITGA2B
HSPG2,TNFRSF11B
HSPG2,BCAM
HSPG2,SCARA5
HSPG2,STAB2
HSPG2,RPSA
HSPG2,ADGRB2
HSPG2,ADGRL2
HSPG2,LPAR1
HSPG2,LPAR4
HSPG2,LPAR2
HSPG2,MAG
HSPG2,LPAR3
HSPG2,ATP1A3
HSPG2,ITGA3
HSPG2,ITGB4
HSPG2,NT5E
HSPG2,GPC1
HSPG2,ITGA9
HSPG2,ROBO4
COL5A2,ITGB5
COL5A2,ITGB3
COL5A2,ITGAV
COL5A2,ITGB8
COL5A2,CD36
COL5A2,ITGA2
COL5A2,ITGA5
COL5A2,CD93
COL5A2,FLT4
COL5A2,DDR2
COL5A2,ITGA11
COL5A2,TMPRSS6
COL5A2,CD47
COL5A2,ITGA2B
COL5A2,GPC4
COL5A2,ADGRB2
COL5A2,ADGRL2
COL5A2,MAG
COL5A2,ITGA3
COL5A2,TNFRSF10A
COL5A2,ITGA10
SYK,ITGB1
COL4A1,ITGB3
COL4A1,CD36
COL4A1,FLT4
COL4A1,DDR2
COL4A1,ITGA11
COL4A1,TMPRSS6
COL4A1,DDR1
COL4A1,ITGA2B
COL4A1,MAG
COL4A1,ITGA3
COL4A1,TNFRSF10A
COL4A1,ITGA10
AGRN,NOTCH1
AGRN,ITGB3
AGRN,ITGA2
AGRN,ABCA1
COL2A1,ITGB5
COL2A1,CD44
COL2A1,ITGB3
COL2A1,ITGAV
COL2A1,ITGB8
COL2A1,CD36
COL2A1,ITGA5
COL2A1,CD93
COL2A1,FLT4
COL2A1,DDR2
COL2A1,ITGA11
COL2A1,TMPRSS6
COL2A1,CD47
COL2A1,GPC4
COL2A1,ADGRB2
COL2A1,ADGRL2
COL2A1,ITGA3
SEMA5A,ITGB1
SEMA5A,ITGB3
SEMA5A,ITGAV
RPH3A,ITGB1
RPH3A,ITGAV
LAMA1,EGFR
LAMA1,ITGA4
LAMA1,LRP2
LAMA1,LRP1
LAMA1,ITGB3
LAMA1,ITGB6
LAMA1,ITGA5
LAMA1,ITGA8
LAMA1,TNFRSF11B
LAMA1,LRP8
LAMA1,SCARA5
LAMA1,STAB2
LAMA1,ROBO1
LAMA1,ITGA9
LAMA1,ROBO4
LAMB3,ITGB3
AFDN,LRP2
AFDN,ITGB1
AFDN,LRP1
AFDN,ITGA2
AFDN,TLR2
COL4A6,ITGB5
COL4A6,ITGB3
COL4A6,ITGB8
COL4A6,CD36
COL4A6,ITGA5
COL4A6,FLT4
COL4A6,DDR2
COL4A6,ITGA11
COL4A6,TMPRSS6
COL4A6,DDR1
COL4A6,ITGA2B
COL4A6,GPC4
COL4A6,ADGRB2
COL4A6,ADGRL2
COL4A6,MAG
COL4A6,ITGA3
COL4A6,TNFRSF10A
COL4A6,ITGA10
COL4A3,ITGB5
COL4A3,ITGB8
COL4A3,CD36
COL4A3,ITGA5
COL4A3,FLT4
COL4A3,DDR2
COL4A3,ITGA11
COL4A3,TMPRSS6
COL4A3,DDR1
COL4A3,ITGA2B
COL4A3,GPC4
COL4A3,ADGRB2
COL4A3,MAG
COL4A3,TNFRSF10A
COL4A3,ITGA10
COL4A4,ITGB8
COL4A4,CD36
COL4A4,FLT4
COL4A4,DDR2
COL4A4,ITGA11
COL4A4,TMPRSS6
COL4A4,DDR1
COL4A4,ITGA2B
COL4A4,MAG
COL4A4,ITGA3
COL4A4,TNFRSF10A
COL4A4,ITGA10
CNTN4,LRP2
CNTN4,ITGB1
CNTN4,LRP1
CNTN4,ITGB3
CNTN4,ITGAV
CNTN4,ITGA2
DSCAM,ITGA4
DSCAM,CD44
DSCAM,LRP2
DSCAM,ITGB1
DSCAM,LRP1
DSCAM,ITGB3
DSCAM,ITGAV
DSCAM,ITGA2
FBLN2,ITGB1
NLGN1,LRP2
NLGN1,ITGB1
NLGN1,LRP1
NLGN1,ITGB3
C4A,LRP2
C4A,ITGB1
C4A,LRP1
C4A,ITGB3
C4A,ITGA2
LAMA2,LRP2
LAMA2,LRP1
LAMA2,ITGB3
LAMA2,ITGB6
LAMA2,ITGAV
HSPA8,ITGB1
SHANK2,CD44
SHANK2,LRP2
SHANK2,ITGB1
SHANK2,ITGB3
SHANK2,ITGA2
SHANK2,ABCA1
SHANK2,SSTR2
RELN,ITGA4
RELN,LRP1
RELN,ITGA2
ADAM9,ITGB3
CPAMD8,CD44
CPAMD8,LRP2
CPAMD8,ITGB1
CPAMD8,LRP1
CPAMD8,ITGB3
CPAMD8,ITGAV
CPAMD8,ITGA1
CPAMD8,ITGA2
CPAMD8,NRXN3
CPAMD8,NRXN2
RIMS1,ITGB1
RIMS1,ITGB3
RIMS1,ITGA2
A2M,ITGA4
A2M,LRP2
A2M,ITGB1
A2M,ITGB3
A2M,TLR2
A2M,VLDLR
A2M,PTPRF
A2M,TLR1
A2M,NRXN3
A2M,NRXN2
A2M,ASGR2
DSC3,LRP2
DSC3,ITGB1
DSC3,LRP1
DSC3,ITGB3
DSC3,ITGAV
DSC2,LRP2
DSC2,ITGB1
DSC2,LRP1
CP,LRP2
CP,ITGB1
CP,LRP1
CP,ITGB3
CP,ITGAV
CUBN,ITGB1
CUBN,ITGA2
NRG1,ITGB1
SLIT2,ITGB1
NCAM1,ITGB1
NRG2,ITGB1
NRG2,ITGB3
NRG2,ITGAV
PTPN11,ITGB1
RBP3,EGFR
RBP3,LRP2
RBP3,ITGB1
RBP3,LRP1
RBP3,ITGB3
SORBS1,ITGB1
LTBP3,ITGB1
LTBP3,ITGB3
LTBP3,ITGAV
LTBP3,ITGA2
LTBP3,CD93
LTBP1,NOTCH1
LTBP1,NOTCH2
LTBP1,NOTCH3
LTBP1,ITGB1
LTBP1,ITGB3
LTBP1,ITGAV
LTBP1,ITGA1
LTBP1,ITGA2
LTBP1,CD93
MST1,ITGB1
FAT4,ITGB1
ACE2,EGFR
C4B,LRP2
C4B,ITGB1
C4B,LRP1
C4B,ITGB3
C4B,ITGAV
C4B,ITGA2
COLQ,ITGB1
COLQ,ITGAV
COLQ,CD93
MEPE,ITGB1
MEPE,ITGAV
COL8A2,ITGB5
COL8A2,CD44
COL8A2,ITGB1
COL8A2,ITGB3
COL8A2,ITGAV
COL8A2,ITGB8
COL8A2,CD36
COL8A2,ITGA1
COL8A2,ITGA2
COL8A2,ITGA5
COL8A2,CD93
COL8A2,FLT4
COL8A2,DDR2
COL8A2,ITGA11
COL8A2,DDR1
COL8A2,CD47
COL8A2,ITGA2B
COL8A2,SDC3
COL8A2,GPC4
COL8A2,SSTR2
COL8A2,ADGRB2
COL8A2,ADGRL2
COL8A2,ADGRL1
COL8A2,MAG
COL8A2,ITGA3
COL8A2,TNFRSF10A
COL8A2,ITGA10
SPTBN2,ITGB1
SPTBN2,LRP1
DSPP,EGFR
DSPP,ITGA4
DSPP,CD44
DSPP,ITGA2
DSPP,LDLR
DSPP,SELL
DSPP,SELP
DSPP,VLDLR
DSPP,OLR1
DSPP,MTTP
DSPP,LSR
DSPP,TLR6
DSPP,LRP8
DSPP,TLR1
DSPP,PTPRD
PRG4,EGFR
PRG4,ITGB2
PRG4,ITGA4
PRG4,ITGB1
PRG4,SELL
PRG4,SELP
PRG4,TLR1
VIM,GRM7
